station_id,num_bikes_disabled,num_docks_disabled,legacy_id,is_installed,num_ebikes_available,is_renting,num_bikes_available,num_docks_available,last_reported,is_returning,eightd_has_available_keys,station_status,valet,eightd_active_station_services
72,0,0,72,0,0,0,0,55,1656077952,0,False,out_of_service,,
79,2,0,79,1,0,1,12,19,1656530188,1,False,active,,
82,1,0,82,1,2,1,26,0,1656530289,1,False,active,,
83,3,0,83,1,1,1,27,32,1656530327,1,False,active,,
116,0,0,116,0,0,0,0,0,86400,0,False,out_of_service,,
119,2,0,119,1,0,1,51,0,1656525828,1,False,active,,
120,0,0,120,1,0,1,5,14,1656530305,1,False,active,,
127,3,0,127,1,1,1,15,13,1656530057,1,False,active,,
128,2,0,128,1,0,1,44,10,1656530338,1,False,active,,
143,1,0,143,1,0,1,49,0,1656528641,1,False,active,,
144,1,0,144,1,0,1,55,2,1656529437,1,False,active,,
146,3,0,146,1,3,1,39,13,1656530037,1,False,active,,
150,1,0,150,1,0,1,4,51,1656530262,1,False,active,,
151,7,0,151,1,0,1,16,10,1656530451,1,False,active,,
152,2,0,152,1,1,1,46,1,1656530415,1,False,active,,
153,1,0,153,1,1,1,32,30,1656530243,1,False,active,,
157,1,0,157,1,2,1,19,3,1656530230,1,False,active,,
161,1,0,161,1,3,1,30,4,1656530041,1,False,active,,
164,4,0,164,1,2,1,58,15,1656530005,1,False,active,,
168,3,0,168,1,2,1,40,4,1656530367,1,False,active,,
174,1,0,174,1,0,1,19,15,1656529917,1,False,active,,
212,5,0,212,1,1,1,53,2,1656530297,1,False,active,,
216,1,0,216,1,4,1,23,13,1656530406,1,False,active,,
217,36,0,217,1,2,1,2,0,1656530260,1,False,active,,
223,6,27,223,1,0,1,0,0,1656530155,1,False,active,,
224,5,0,224,1,0,1,27,1,1656530170,1,False,active,,
228,0,0,228,1,0,0,0,0,86400,0,False,active,,
229,1,0,229,1,1,1,15,5,1656530364,1,False,active,,
232,1,0,232,1,1,1,48,2,1656530448,1,False,active,,
236,1,0,236,1,0,1,24,26,1656530145,1,False,active,,
238,2,0,238,1,3,1,12,17,1656530185,1,False,active,,
239,0,1,239,1,0,1,60,1,1656530132,1,False,active,,
241,0,0,241,1,0,1,19,4,1656529957,1,False,active,,
242,0,0,242,0,0,0,0,0,86400,0,False,out_of_service,,
244,1,0,244,1,1,1,14,36,1656529891,1,False,active,,
245,2,0,245,1,1,1,51,3,1656530420,1,False,active,,
247,58,0,247,1,0,1,0,0,1656530221,1,False,active,,
248,4,0,248,1,1,1,77,10,1656528167,1,False,active,,
249,0,0,249,1,0,1,25,2,1656530304,1,False,active,,
250,2,0,250,1,0,1,24,14,1656530354,1,False,active,,
251,3,0,251,1,2,1,16,6,1656529883,1,False,active,,
252,2,0,252,1,3,1,7,23,1656530414,1,False,active,,
254,3,0,254,1,0,1,6,38,1656530237,1,False,active,,
257,2,0,257,1,1,1,34,34,1656529459,1,False,active,,
258,3,0,258,1,1,1,7,13,1656530356,1,False,active,,
259,6,0,259,1,0,1,29,3,1656529611,1,False,active,,
260,4,0,260,1,2,1,26,2,1656530270,1,False,active,,
261,3,0,261,1,0,1,36,2,1656530425,1,False,active,,
262,3,0,262,1,0,1,3,18,1656530262,1,False,active,,
264,1,0,264,1,0,1,27,1,1656529926,1,False,active,,
265,0,0,265,1,1,1,26,9,1656530441,1,False,active,,
266,0,0,266,1,1,1,4,26,1656530351,1,False,active,,
267,1,0,267,1,3,1,7,69,1656530354,1,False,active,,
268,1,0,268,1,2,1,21,5,1656530101,1,False,active,,
270,1,0,270,1,0,1,5,22,1656529646,1,False,active,,
275,1,0,275,1,1,1,6,12,1656529813,1,False,active,,
278,2,0,278,1,0,1,10,7,1656529579,1,False,active,,
281,2,0,281,1,2,1,42,52,1656530405,1,False,active,,
284,6,0,284,1,0,1,24,21,1656530330,1,False,active,,
285,5,0,285,1,1,1,52,20,1656530366,1,False,active,,
289,1,0,289,1,0,1,10,8,1656529721,1,False,active,,
291,0,0,291,1,0,1,6,13,1656530369,1,False,active,,
293,4,0,293,1,0,1,72,15,1656530414,1,False,active,,
294,5,0,294,1,3,1,47,9,1656530428,1,False,active,,
295,0,0,295,1,0,1,22,2,1656530179,1,False,active,,
297,3,0,297,1,0,1,12,60,1656530406,1,False,active,,
298,3,0,298,1,0,1,30,2,1656530438,1,False,active,,
301,2,0,301,1,0,1,3,52,1656530125,1,False,active,,
302,0,0,302,1,0,1,0,0,86400,1,False,active,,
303,4,0,303,1,0,1,60,2,1656530394,1,False,active,,
304,2,0,304,1,4,1,45,0,1656529258,1,False,active,,
305,5,0,305,1,1,1,39,0,1656530251,1,False,active,,
307,3,0,307,1,1,1,28,0,1656530436,1,False,active,,
308,1,0,308,1,1,1,43,4,1656530407,1,False,active,,
311,6,0,311,1,2,1,30,23,1656530184,1,False,active,,
312,7,0,312,1,2,1,15,11,1656530279,1,False,active,,
313,2,0,313,1,0,1,53,0,1656530211,1,False,active,,
315,2,0,315,1,0,1,18,8,1656530422,1,False,active,,
316,2,0,316,1,4,1,41,0,1656530155,1,False,active,,
317,1,1,317,1,0,1,14,51,1656530224,1,False,active,,
319,2,20,319,1,2,1,12,0,1656530418,1,False,active,"{'valet_revision': 11071, 'region': 'BKN', 'off_dock_count': 62, 'off_dock_capacity': 70, 'station_id': '66db79a3-0aca-11e7-82f6-3863bb44ef7c', 'dock_blocked_count': 20, 'active': False}",[{'id': '66db79a3-0aca-11e7-82f6-3863bb44ef7c'}]
320,2,0,320,1,2,1,46,5,1656530281,1,False,active,,
321,0,0,321,1,0,1,35,3,1656529270,1,False,active,,
323,5,0,323,1,0,1,32,2,1656530375,1,False,active,,
324,1,0,324,1,0,1,73,0,1656529874,1,False,active,,
325,5,0,325,1,1,0,28,2,1656529700,0,False,active,,
326,3,0,326,1,0,1,4,34,1656530395,1,False,active,,
327,3,0,327,1,3,1,27,9,1656530368,1,False,active,,
328,2,0,328,1,1,1,23,10,1656530219,1,False,active,,
330,6,0,330,1,1,1,36,0,1656530365,1,False,active,,
331,1,0,331,1,0,1,20,5,1656529918,1,False,active,,
332,1,0,332,1,0,1,0,35,1656529343,1,False,active,,
334,2,0,334,1,2,1,11,31,1656530406,1,False,active,,
335,1,0,335,1,1,1,22,3,1656530450,1,False,active,,
336,3,0,336,1,0,1,31,23,1656530398,1,False,active,,
339,2,0,339,1,0,1,10,29,1656528578,1,False,active,,
340,0,0,340,1,0,1,14,13,1656530442,1,False,active,,
341,0,0,341,1,0,1,9,10,1656530405,1,False,active,,
342,1,0,342,1,0,1,7,21,1656530189,1,False,active,,
343,2,0,343,1,1,1,20,1,1656530063,1,False,active,,
344,2,0,344,1,0,1,3,18,1656528592,1,False,active,,
346,0,0,346,1,2,1,2,25,1656529464,1,False,active,,
347,3,0,347,1,1,1,26,25,1656530434,1,False,active,,
349,0,0,349,1,1,1,21,40,1656530374,1,False,active,,
350,5,0,350,1,0,1,6,35,1656530424,1,False,active,,
352,1,0,352,1,1,1,27,8,1656530103,1,False,active,,
353,2,0,353,1,0,1,16,9,1656529701,1,False,active,,
354,2,0,354,1,1,1,37,24,1656530414,1,False,active,,
355,0,0,355,1,2,1,41,2,1656529784,1,False,active,,
356,1,0,356,1,1,1,7,14,1656529864,1,False,active,,
358,2,0,358,1,4,1,23,25,1656530234,1,False,active,,
359,1,0,359,1,0,1,56,22,1656530234,1,False,active,,
360,7,0,360,1,0,1,28,3,1656530418,1,False,active,,
361,2,0,361,1,0,1,74,3,1656530366,1,False,active,,
362,0,0,362,1,2,1,18,37,1656530079,1,False,active,,
363,3,0,363,1,2,1,53,17,1656530422,1,False,active,,
364,0,0,364,1,1,1,23,4,1656530323,1,False,active,,
366,0,0,366,1,1,1,10,23,1656530034,1,False,active,,
367,1,0,367,1,1,1,44,12,1656530254,1,False,active,,
368,5,0,368,1,0,1,6,35,1656530444,1,False,active,,
369,2,0,369,1,5,1,30,44,1656530149,1,False,active,,
372,2,0,372,1,1,1,15,10,1656530185,1,False,active,,
373,0,0,373,1,1,1,18,1,1656529170,1,False,active,,
376,1,0,376,1,0,1,40,0,1656530401,1,False,active,,
377,3,0,377,1,0,1,33,13,1656529760,1,False,active,,
379,0,0,379,1,3,1,28,27,1656530372,1,False,active,,
380,4,0,380,1,5,1,20,17,1656530232,1,False,active,,
383,3,0,383,1,2,1,5,31,1656530305,1,False,active,,
385,0,0,385,1,0,1,16,13,1656530313,1,False,active,,
386,3,0,386,1,0,1,73,3,1656530436,1,False,active,,
387,3,0,387,1,2,1,35,1,1656530429,1,False,active,,
388,4,0,388,1,0,1,14,17,1656529501,1,False,active,,
389,0,0,389,1,0,1,12,15,1656530345,1,False,active,,
390,2,0,390,1,0,1,46,0,1656529926,1,False,active,,
391,3,0,391,1,3,1,20,19,1656530354,1,False,active,,
392,0,0,392,1,0,1,32,3,1656529564,1,False,active,,
393,0,0,393,1,1,1,4,33,1656529742,1,False,active,,
394,1,1,394,1,0,1,6,26,1656530348,1,False,active,,
396,1,0,396,1,0,1,8,16,1656530207,1,False,active,,
397,6,0,397,1,0,1,2,67,1656530386,1,False,active,,
398,2,0,398,1,1,1,30,5,1656530443,1,False,active,,
399,1,0,399,1,0,1,6,31,1656530306,1,False,active,,
400,0,0,400,1,1,1,5,10,1656529879,1,False,active,,
401,2,0,401,1,0,1,18,21,1656529559,1,False,active,,
403,1,0,403,1,2,1,42,14,1656530295,1,False,active,,
405,0,0,405,1,3,1,26,25,1656530453,1,False,active,,
406,2,0,406,1,2,1,6,12,1656530241,1,False,active,,
408,1,0,408,1,2,1,33,11,1656530223,1,False,active,,
410,1,0,410,1,0,1,19,59,1656530256,1,False,active,,
411,1,0,411,1,2,1,4,25,1656530427,1,False,active,,
412,2,0,412,1,0,1,23,4,1656530197,1,False,active,,
415,6,0,415,1,0,1,30,10,1656529929,1,False,active,,
416,1,0,416,1,0,1,14,16,1656529750,1,False,active,,
417,0,0,417,1,0,1,25,0,1656530196,1,False,active,,
418,0,0,418,1,3,1,36,1,1656528957,1,False,active,,
419,0,0,419,0,0,0,0,0,86400,0,False,out_of_service,,
420,1,0,420,1,0,1,17,33,1656530391,1,False,active,,
421,1,0,421,1,1,1,11,7,1656530153,1,False,active,,
422,8,0,422,1,1,1,1,104,1656530404,1,False,active,,
423,1,0,423,1,5,1,7,36,1656530160,1,False,active,,
426,3,0,426,1,7,1,71,7,1656530342,1,False,active,,
427,4,0,427,1,0,1,37,6,1656529907,1,False,active,,
428,1,0,428,1,1,1,14,26,1656529840,1,False,active,,
432,3,0,432,1,0,1,5,23,1656530435,1,False,active,,
434,7,0,434,1,0,1,46,7,1656530397,1,False,active,,
435,4,0,435,1,9,1,45,1,1656530261,1,False,active,,
436,0,0,436,1,0,1,19,8,1656528968,1,False,active,,
437,1,0,437,1,0,1,20,2,1656529721,1,False,active,,
438,1,1,438,1,0,1,7,37,1656530188,1,False,active,,
439,4,0,439,1,2,1,20,19,1656530444,1,False,active,,
440,2,0,440,1,0,1,25,5,1656530401,1,False,active,,
442,4,0,442,1,2,1,20,27,1656530372,1,False,active,,
443,4,0,443,1,2,1,11,8,1656529629,1,False,active,,
445,1,0,445,1,1,1,19,87,1656530319,1,False,active,,
446,0,0,446,0,0,0,0,0,86400,0,False,out_of_service,,
447,1,0,447,1,0,1,5,25,1656530148,1,False,active,,
448,1,0,448,1,0,1,1,25,1656529848,1,False,active,,
450,0,0,450,1,0,1,8,59,1656530265,1,False,active,,
453,1,0,453,1,0,1,6,58,1656530443,1,False,active,,
454,3,0,454,1,0,1,3,29,1656530063,1,False,active,,
455,1,0,455,1,1,1,52,6,1656530367,1,False,active,,
456,3,0,456,1,8,1,33,15,1656530418,1,False,active,,
457,3,0,457,1,2,1,3,73,1656530363,1,False,active,,
458,4,0,458,1,4,1,21,6,1656530382,1,False,active,,
460,3,0,460,1,1,1,19,3,1656530401,1,False,active,,
461,2,0,461,1,0,1,0,54,1656529849,1,False,active,,
462,6,0,462,1,0,1,25,44,1656530361,1,False,active,,
464,3,0,464,1,1,1,43,33,1656530206,1,False,active,,
465,4,0,465,1,5,1,17,17,1656530437,1,False,active,,
466,0,0,466,1,4,1,32,2,1656530320,1,False,active,,
468,3,0,468,1,0,1,2,74,1656530090,1,False,active,,
469,1,0,469,1,2,1,5,79,1656530402,1,False,active,,
470,4,0,470,1,2,1,12,68,1656530342,1,False,active,,
471,2,0,471,1,1,1,25,4,1656530034,1,False,active,,
472,2,0,472,1,1,1,12,41,1656530409,1,False,active,,
473,2,0,473,1,0,1,48,14,1656530372,1,False,active,,
474,3,0,474,1,2,1,38,0,1656530434,1,False,active,,
476,0,0,476,1,3,1,4,60,1656530343,1,False,active,,
477,2,0,477,1,39,0,67,1,1656528453,0,False,active,,
478,4,0,478,1,1,1,3,29,1656530443,1,False,active,,
479,0,0,479,1,5,1,11,19,1656530408,1,False,active,,
480,1,0,480,1,0,1,2,26,1656530408,1,False,active,,
481,3,0,481,1,1,1,11,11,1656530298,1,False,active,,
482,4,0,482,1,1,1,15,60,1656530414,1,False,active,,
483,1,0,483,1,2,1,9,26,1656530134,1,False,active,,
484,2,47,484,1,0,1,0,0,1656530066,1,False,active,"{'valet_revision': 42478, 'region': 'BKN', 'off_dock_count': 113, 'off_dock_capacity': 120, 'station_id': '66dc48ef-0aca-11e7-82f6-3863bb44ef7c', 'dock_blocked_count': 46, 'active': False}",[{'id': '66dc48ef-0aca-11e7-82f6-3863bb44ef7c'}]
485,2,0,485,1,5,1,11,26,1656529978,1,False,active,,
486,0,0,486,1,0,1,0,0,86400,1,False,active,,
488,1,0,488,1,2,1,9,34,1656530446,1,False,active,,
489,3,0,489,1,2,1,24,21,1656529761,1,False,active,,
490,0,0,490,1,3,1,4,62,1656530453,1,False,active,,
494,0,0,494,1,1,1,2,63,1656530382,1,False,active,,
495,2,0,495,1,1,1,2,34,1656530207,1,False,active,,
496,4,0,496,1,0,1,48,13,1656530357,1,False,active,,
497,0,0,497,0,0,0,0,0,86400,0,False,out_of_service,,
500,4,0,500,1,0,1,32,41,1656530131,1,False,active,,
501,2,0,501,1,0,1,0,81,1656529405,1,False,active,,
502,2,0,502,1,0,1,3,30,1656530244,1,False,active,,
503,4,0,503,1,1,1,25,0,1656530220,1,False,active,,
504,2,0,504,1,0,1,4,48,1656530397,1,False,active,,
505,2,0,505,1,3,1,15,34,1656530395,1,False,active,,
507,4,0,507,1,0,1,42,33,1656530409,1,False,active,,
508,1,0,508,1,1,1,4,20,1656530185,1,False,active,,
509,3,0,509,1,1,1,6,52,1656530453,1,False,active,,
510,2,45,510,1,0,1,4,1,1656529970,1,False,active,"{'valet_revision': 13429, 'region': 'BKN', 'off_dock_count': 105, 'off_dock_capacity': 120, 'station_id': '66dc7b10-0aca-11e7-82f6-3863bb44ef7c', 'dock_blocked_count': 45, 'active': False}",[{'id': '66dc7b10-0aca-11e7-82f6-3863bb44ef7c'}]
511,2,0,511,1,0,1,6,23,1656530441,1,False,active,,
512,1,0,512,1,2,1,15,13,1656530255,1,False,active,,
513,3,1,513,1,0,1,0,25,1656530441,1,False,active,,
514,10,0,514,1,9,1,17,23,1656530445,1,False,active,,
515,1,0,515,1,0,1,1,77,1656530101,1,False,active,,
516,2,0,516,1,1,1,16,30,1656530322,1,False,active,,
522,6,0,522,1,7,1,63,6,1656530370,1,False,active,,
525,1,0,525,1,0,1,38,17,1656530404,1,False,active,,
526,1,0,526,1,2,1,33,6,1656530453,1,False,active,,
528,5,0,528,1,0,1,8,26,1656530205,1,False,active,,
529,6,0,529,1,10,1,23,12,1656530368,1,False,active,,
530,1,0,530,1,1,1,3,20,1656530417,1,False,active,,
531,1,0,531,1,0,1,51,14,1656528526,1,False,active,,
532,3,0,532,1,0,1,39,1,1656529966,1,False,active,,
536,0,1,536,1,0,1,20,8,1656530403,1,False,active,,
537,7,0,537,1,1,1,4,42,1656530221,1,False,active,,
539,3,0,539,1,0,1,26,2,1656530356,1,False,active,,
540,4,0,540,1,0,1,9,40,1656530239,1,False,active,,
545,1,0,545,1,0,1,3,22,1656529946,1,False,active,,
546,1,0,546,1,2,1,33,9,1656530373,1,False,active,,
2000,2,0,2000,1,0,1,54,1,1656529991,1,False,active,,
2002,3,0,2002,1,0,1,50,4,1656529912,1,False,active,,
2003,4,0,2003,1,2,1,7,43,1656530337,1,False,active,,
2006,4,0,2006,1,0,1,5,64,1656530428,1,False,active,,
2008,3,0,2008,1,2,1,28,3,1656530421,1,False,active,,
2009,2,0,2009,1,0,1,30,3,1656530321,1,False,active,,
2010,4,0,2010,1,0,1,25,14,1656530409,1,False,active,,
2012,3,0,2012,1,0,1,9,29,1656530344,1,False,active,,
2021,0,0,2021,1,1,1,2,63,1656530429,1,False,active,,
2022,0,0,2022,1,0,1,2,31,1656528548,1,False,active,,
3016,0,0,3016,1,2,1,54,0,1656530444,1,False,active,,
3041,0,0,3041,1,0,1,22,1,1656530252,1,False,active,,
3042,3,0,3042,1,1,1,11,5,1656530230,1,False,active,,
3043,4,0,3043,1,0,1,11,4,1656530168,1,False,active,,
3044,0,0,3044,1,0,1,21,6,1656529976,1,False,active,,
3046,0,0,3046,1,0,1,11,7,1656530269,1,False,active,,
3047,3,0,3047,1,0,1,13,5,1656530385,1,False,active,,
3048,0,0,3048,1,1,1,4,15,1656528936,1,False,active,,
3049,1,0,3049,1,1,1,1,16,1656530130,1,False,active,,
3050,1,0,3050,1,0,1,2,18,1656529552,1,False,active,,
3052,2,0,3052,1,1,1,3,18,1656530211,1,False,active,,
3053,2,0,3053,1,0,1,8,13,1656529960,1,False,active,,
3054,1,0,3054,1,0,1,1,17,1656529489,1,False,active,,
3055,0,0,3055,1,0,1,14,8,1656529416,1,False,active,,
3056,0,0,3056,1,1,1,20,3,1656530354,1,False,active,,
3057,0,0,3057,1,1,1,5,12,1656530035,1,False,active,,
3058,0,0,3058,1,0,1,1,23,1656530086,1,False,active,,
3059,0,0,3059,1,1,1,11,8,1656529603,1,False,active,,
3060,0,0,3060,1,2,1,13,6,1656529551,1,False,active,,
3061,0,0,3061,1,0,1,12,9,1656528809,1,False,active,,
3062,0,0,3062,1,1,1,22,1,1656530422,1,False,active,,
3063,2,0,3063,1,1,1,17,1,1656529032,1,False,active,,
3064,1,0,3064,1,0,1,6,16,1656530164,1,False,active,,
3065,0,0,3065,1,0,1,30,1,1656529333,1,False,active,,
3066,0,0,3066,1,0,1,16,3,1656529513,1,False,active,,
3067,0,0,3067,1,1,1,25,2,1656530453,1,False,active,,
3068,0,0,3068,1,0,1,41,1,1656528377,1,False,active,,
3069,1,1,3069,1,1,1,26,1,1656530317,1,False,active,,
3070,0,0,3070,1,0,1,19,4,1656530356,1,False,active,,
3071,0,0,3071,1,1,1,18,1,1656529949,1,False,active,,
3072,1,0,3072,1,0,1,20,3,1656526611,1,False,active,,
3074,1,0,3074,1,1,1,38,3,1656529659,1,False,active,,
3075,0,0,3075,1,0,1,30,3,1656528090,1,False,active,,
3076,0,0,3076,1,0,1,20,15,1656529674,1,False,active,,
3077,3,0,3077,1,1,1,24,6,1656530182,1,False,active,,
3078,2,0,3078,1,2,1,22,2,1656530419,1,False,active,,
3080,1,0,3080,1,0,1,3,17,1656530028,1,False,active,,
3081,1,0,3081,1,2,1,28,0,1656530187,1,False,active,,
3082,2,0,3082,1,2,1,19,4,1656530405,1,False,active,,
3083,2,0,3083,1,0,1,27,1,1656530287,1,False,active,,
3085,2,0,3085,1,0,1,17,6,1656530069,1,False,active,,
3086,3,0,3086,1,2,1,22,5,1656530439,1,False,active,,
3087,0,0,3087,1,0,1,30,0,1656528187,1,False,active,,
3088,2,0,3088,1,0,1,17,0,1656524238,1,False,active,,
3092,2,0,3092,1,0,1,21,4,1656530448,1,False,active,,
3093,1,0,3093,1,0,1,19,8,1656530253,1,False,active,,
3094,0,0,3094,1,0,1,17,1,1656527517,1,False,active,,
3095,1,0,3095,1,1,1,20,5,1656528274,1,False,active,,
3096,1,0,3096,1,0,1,37,1,1656530400,1,False,active,,
3100,2,0,3100,1,1,1,41,8,1656530208,1,False,active,,
3101,1,0,3101,1,0,1,24,2,1656530299,1,False,active,,
3102,2,0,3102,1,1,1,23,2,1656529196,1,False,active,,
3105,0,0,3105,1,0,0,54,0,1656496943,0,False,active,,
3106,44,0,3106,1,4,1,7,1,1656530316,1,False,active,,
3107,2,0,3107,1,0,1,35,2,1656529464,1,False,active,,
3108,2,0,3108,1,3,1,32,17,1656530437,1,False,active,,
3109,1,0,3109,1,0,1,30,0,1656528396,1,False,active,,
3110,3,0,3110,1,0,1,22,1,1656530392,1,False,active,,
3112,3,0,3112,1,0,1,26,1,1656530438,1,False,active,,
3113,1,0,3113,1,2,1,22,4,1656529881,1,False,active,,
3115,0,0,3115,1,0,1,44,5,1656529558,1,False,active,,
3116,0,0,3116,1,0,1,15,20,1656529862,1,False,active,,
3117,2,0,3117,1,1,1,14,11,1656530355,1,False,active,,
3118,0,1,3118,1,0,1,33,8,1656530438,1,False,active,,
3119,3,0,3119,1,1,1,36,6,1656530228,1,False,active,,
3121,2,1,3121,1,1,1,12,11,1656530246,1,False,active,,
3122,2,0,3122,1,1,0,76,1,1656487605,0,False,active,,
3123,1,0,3123,1,1,1,31,15,1656530409,1,False,active,,
3124,0,0,3124,1,1,1,22,21,1656530260,1,False,active,,
3125,0,0,3125,1,1,1,22,1,1656530413,1,False,active,,
3126,2,0,3126,1,0,1,22,10,1656530314,1,False,active,,
3127,1,0,3127,1,0,1,30,3,1656530020,1,False,active,,
3128,0,0,3128,1,0,1,26,1,1656524811,1,False,active,,
3129,3,0,3129,1,2,1,16,20,1656530451,1,False,active,,
3130,0,0,3130,1,0,1,17,18,1656529652,1,False,active,,
3131,2,0,3131,1,0,1,0,34,1656530248,1,False,active,,
3132,0,20,3132,1,1,1,3,12,1656529871,1,False,active,"{'valet_revision': 2091, 'region': 'BKN', 'off_dock_count': 21, 'off_dock_capacity': 120, 'station_id': '66dd3e14-0aca-11e7-82f6-3863bb44ef7c', 'dock_blocked_count': 20, 'active': False}",[{'id': '66dd3e14-0aca-11e7-82f6-3863bb44ef7c'}]
3134,4,0,3134,1,1,1,17,30,1656530372,1,False,active,,
3135,1,0,3135,1,0,1,0,39,1656529892,1,False,active,,
3136,1,0,3136,1,1,1,2,48,1656530431,1,False,active,,
3137,6,0,3137,1,2,1,13,11,1656530428,1,False,active,,
3139,0,0,3139,0,0,0,0,0,86400,0,False,out_of_service,,
3140,6,0,3140,1,0,1,6,45,1656530383,1,False,active,,
3141,6,45,3141,1,1,1,6,2,1656530360,1,False,active,"{'valet_revision': 52360, 'region': 'BKN', 'off_dock_count': 85, 'off_dock_capacity': 120, 'station_id': '66dd42eb-0aca-11e7-82f6-3863bb44ef7c', 'dock_blocked_count': 45, 'active': False}",[{'id': '66dd42eb-0aca-11e7-82f6-3863bb44ef7c'}]
3142,7,1,3142,1,0,1,10,27,1656530396,1,False,active,,
3143,0,0,3143,1,1,1,7,40,1656530179,1,False,active,,
3144,2,0,3144,1,2,1,2,42,1656530154,1,False,active,,
3145,2,0,3145,1,1,1,3,40,1656529892,1,False,active,,
3146,3,0,3146,1,0,1,1,43,1656528898,1,False,active,,
3147,2,0,3147,1,0,1,7,29,1656530327,1,False,active,,
3148,4,0,3148,1,0,1,1,25,1656529845,1,False,active,,
3150,0,0,3150,1,0,1,0,47,1656530421,1,False,active,,
3151,3,0,3151,1,1,1,2,42,1656530454,1,False,active,,
3152,1,0,3152,1,3,1,6,34,1656530446,1,False,active,,
3154,0,0,3154,1,0,1,1,45,1656530301,1,False,active,,
3156,3,0,3156,1,0,1,15,19,1656530339,1,False,active,,
3157,2,0,3157,1,0,1,3,22,1656529383,1,False,active,,
3158,2,0,3158,1,2,1,3,27,1656530348,1,False,active,,
3159,3,0,3159,1,2,1,3,25,1656530361,1,False,active,,
3160,5,0,3160,1,1,1,1,32,1656530362,1,False,active,,
3161,1,0,3161,1,0,1,0,58,1656529929,1,False,active,,
3163,9,0,3163,1,0,1,6,27,1656530257,1,False,active,,
3164,5,0,3164,1,1,1,3,58,1656530348,1,False,active,,
3165,5,0,3165,1,1,1,5,39,1656530432,1,False,active,,
3166,0,0,3166,1,0,1,3,38,1656530363,1,False,active,,
3167,4,0,3167,1,1,1,6,44,1656530320,1,False,active,,
3169,1,0,3169,1,0,1,2,71,1656529729,1,False,active,,
3170,2,0,3170,1,1,1,1,32,1656530348,1,False,active,,
3171,0,0,3171,1,1,1,3,36,1656530412,1,False,active,,
3172,4,0,3172,1,1,1,2,21,1656530256,1,False,active,,
3173,3,1,3173,1,0,1,5,69,1656530144,1,False,active,,
3175,5,1,3175,1,2,1,6,31,1656530388,1,False,active,,
3177,1,0,3177,1,0,1,0,62,1656530012,1,False,active,,
3178,3,0,3178,1,0,1,0,75,1656528831,1,False,active,,
3179,2,0,3179,1,0,1,15,6,1656529102,1,False,active,,
3184,2,0,3184,1,1,1,12,0,1656529985,1,False,active,,
3185,2,0,3185,1,4,1,20,0,1656526368,1,False,active,,
3186,1,20,3186,1,8,1,20,1,1656530229,1,False,active,"{'valet_revision': 25386, 'region': 'NYC', 'off_dock_count': 0, 'off_dock_capacity': 100, 'station_id': '66dd59d5-0aca-11e7-82f6-3863bb44ef7c', 'dock_blocked_count': 20, 'active': False}",[{'id': '66dd59d5-0aca-11e7-82f6-3863bb44ef7c'}]
3187,1,0,3187,1,0,1,16,5,1656529846,1,False,active,,
3191,0,0,3191,1,0,1,14,4,1656528545,1,False,active,,
3192,2,0,3192,1,1,1,2,18,1656530392,1,False,active,,
3193,1,0,3193,1,0,1,11,6,1656519763,1,False,active,,
3194,1,0,3194,1,5,1,10,11,1656529769,1,False,active,,
3195,29,3,3195,1,0,0,0,2,1656530423,0,False,active,,
3196,1,0,3196,1,3,1,4,13,1656528592,1,False,active,,
3198,1,0,3198,1,5,1,7,10,1656525132,1,False,active,,
3199,1,0,3199,1,4,1,10,3,1656530202,1,False,active,,
3201,0,0,3201,1,6,1,11,7,1656524840,1,False,active,,
3202,1,0,3202,1,1,1,17,0,1656529230,1,False,active,,
3203,0,0,3203,1,1,1,22,4,1656530445,1,False,active,,
3205,1,0,3205,1,2,1,13,8,1656530417,1,False,active,,
3206,1,0,3206,1,11,1,23,2,1656529403,1,False,active,,
3207,1,0,3207,1,1,1,17,8,1656526886,1,False,active,,
3209,1,1,3209,1,7,1,15,5,1656530348,1,False,active,,
3210,2,0,3210,1,1,1,12,4,1656530272,1,False,active,,
3211,0,0,3211,1,0,1,19,3,1656528848,1,False,active,,
3212,2,0,3212,1,5,1,10,10,1656529865,1,False,active,,
3213,0,0,3213,1,3,1,15,7,1656529435,1,False,active,,
3214,2,0,3214,1,1,1,15,5,1656529563,1,False,active,,
3220,1,0,3220,1,13,1,16,1,1656526597,1,False,active,,
3221,0,0,3221,1,6,1,18,9,1656528309,1,False,active,,
3225,1,0,3225,1,5,1,5,8,1656528866,1,False,active,,
3226,0,0,3226,1,1,1,2,43,1656529576,1,False,active,,
3231,2,0,3231,1,1,1,2,34,1656530229,1,False,active,,
3232,0,0,3232,1,2,1,45,2,1656530264,1,False,active,,
3233,3,0,3233,1,1,1,3,14,1656530330,1,False,active,,
3235,3,0,3235,1,7,1,21,10,1656530385,1,False,active,,
3236,2,0,3236,1,3,1,4,27,1656529735,1,False,active,,
3238,3,0,3238,1,1,1,2,29,1656530422,1,False,active,,
3241,1,0,3241,1,0,1,3,15,1656528986,1,False,active,,
3242,1,0,3242,1,0,1,57,1,1656530412,1,False,active,,
3243,0,0,3243,1,2,1,2,27,1656529906,1,False,active,,
3244,2,0,3244,1,2,1,30,47,1656530288,1,False,active,,
3246,1,0,3246,1,0,1,37,10,1656529337,1,False,active,,
3249,1,0,3249,1,0,1,18,0,1656527747,1,False,active,,
3254,3,0,3254,1,0,1,7,19,1656530452,1,False,active,,
3255,1,0,3255,1,6,1,13,3,1656530379,1,False,active,,
3256,5,0,3256,1,1,1,12,6,1656530447,1,False,active,,
3260,2,0,3260,1,2,1,40,3,1656530444,1,False,active,,
3263,2,0,3263,1,0,1,54,3,1656530371,1,False,active,,
3267,3,11,3267,1,0,1,0,0,1656530267,1,False,active,,
3268,1,0,3268,1,1,1,1,12,1656529595,1,False,active,,
3269,1,0,3269,1,0,1,6,7,1656529523,1,False,active,,
3270,0,0,3270,1,3,1,6,8,1656530384,1,False,active,,
3272,1,0,3272,1,1,1,13,0,1656528133,1,False,active,,
3273,1,0,3273,1,1,1,13,4,1656529543,1,False,active,,
3275,0,0,3275,1,0,1,9,5,1656527706,1,False,active,,
3276,0,0,3276,1,5,1,7,19,1656530361,1,False,active,,
3277,0,0,3277,1,1,1,1,13,1656529935,1,False,active,,
3278,0,0,3278,1,0,1,2,12,1656522225,1,False,active,,
3279,0,0,3279,1,1,1,3,15,1656529667,1,False,active,,
3280,1,0,3280,1,1,1,1,12,1656528251,1,False,active,,
3281,1,0,3281,1,1,1,11,2,1656527424,1,False,active,,
3283,2,0,3283,1,0,1,2,43,1656529951,1,False,active,,
3284,1,0,3284,1,0,1,6,31,1656530442,1,False,active,,
3285,1,0,3285,1,0,1,0,40,1656529997,1,False,active,,
3286,1,0,3286,1,3,1,5,32,1656530180,1,False,active,,
3287,1,0,3287,1,0,1,0,45,1656530373,1,False,active,,
3288,3,0,3288,1,1,1,8,28,1656530280,1,False,active,,
3289,1,0,3289,1,1,1,1,30,1656529942,1,False,active,,
3290,0,0,3290,1,0,1,8,27,1656530064,1,False,active,,
3292,2,0,3292,1,0,1,8,33,1656529317,1,False,active,,
3293,1,0,3293,1,0,1,2,21,1656530223,1,False,active,,
3294,3,0,3294,1,5,1,7,25,1656530194,1,False,active,,
3296,1,0,3296,1,1,1,10,62,1656530330,1,False,active,,
3297,3,0,3297,1,0,1,7,10,1656530129,1,False,active,,
3298,1,0,3298,1,0,1,29,0,1656526673,1,False,active,,
3299,0,0,3299,1,0,1,6,16,1656530449,1,False,active,,
3300,0,0,3300,1,0,1,0,24,1656530424,1,False,active,,
3301,1,0,3301,1,1,1,3,35,1656530400,1,False,active,,
3302,5,0,3302,1,0,1,0,35,1656527987,1,False,active,,
3303,1,0,3303,1,0,1,32,2,1656530364,1,False,active,,
3304,3,0,3304,1,0,1,4,20,1656530454,1,False,active,,
3305,3,0,3305,1,0,1,1,68,1656530025,1,False,active,,
3306,0,0,3306,1,1,1,3,20,1656530243,1,False,active,,
3307,0,0,3307,1,1,1,1,30,1656529865,1,False,active,,
3308,0,12,3308,0,0,0,0,0,1654615625,0,False,out_of_service,,
3309,1,0,3309,1,2,1,2,27,1656529440,1,False,active,,
3310,1,0,3310,1,0,1,4,19,1656530332,1,False,active,,
3311,0,0,3311,1,0,1,11,9,1656529624,1,False,active,,
3312,0,0,3312,1,3,1,13,26,1656529988,1,False,active,,
3313,1,0,3313,1,0,1,8,20,1656530403,1,False,active,,
3314,2,0,3314,1,2,1,3,27,1656530180,1,False,active,,
3315,0,0,3315,1,1,1,14,9,1656530249,1,False,active,,
3317,2,0,3317,1,1,1,22,0,1656529858,1,False,active,,
3318,0,0,3318,1,2,1,33,11,1656529972,1,False,active,,
3319,4,0,3319,1,2,1,17,0,1656530455,1,False,active,,
3321,1,0,3321,1,0,1,13,24,1656528452,1,False,active,,
3322,2,0,3322,1,2,1,22,1,1656530395,1,False,active,,
3323,3,0,3323,1,0,1,1,53,1656530439,1,False,active,,
3324,1,0,3324,1,0,1,24,0,1656526457,1,False,active,,
3325,0,0,3325,1,0,1,2,29,1656530359,1,False,active,,
3326,0,0,3326,1,0,1,10,11,1656526749,1,False,active,,
3327,2,0,3327,1,0,1,0,25,1656530159,1,False,active,,
3328,0,0,3328,1,1,1,1,38,1656530391,1,False,active,,
3329,1,0,3329,1,0,1,17,9,1656530035,1,False,active,,
3330,0,0,3330,1,1,1,14,5,1656529553,1,False,active,,
3331,1,0,3331,1,0,1,0,56,1656530429,1,False,active,,
3332,0,0,3332,1,1,1,26,1,1656530014,1,False,active,,
3333,0,0,3333,1,0,1,37,0,1656519401,1,False,active,,
3335,3,0,3335,1,2,1,21,4,1656529866,1,False,active,,
3336,0,0,3336,1,0,1,3,37,1656530447,1,False,active,,
3337,0,0,3337,1,1,1,23,0,1656527672,1,False,active,,
3338,0,0,3338,1,1,1,3,28,1656529866,1,False,active,,
3339,6,0,3339,1,0,1,23,12,1656530402,1,False,active,,
3340,0,0,3340,1,0,1,21,0,1656529814,1,False,active,,
3342,0,0,3342,1,0,1,23,0,1656525678,1,False,active,,
3343,0,0,3343,1,1,1,1,22,1656530354,1,False,active,,
3344,2,0,3344,1,0,1,32,5,1656530096,1,False,active,,
3345,0,0,3345,1,0,1,18,17,1656530159,1,False,active,,
3346,1,0,3346,1,2,1,23,5,1656529991,1,False,active,,
3347,0,0,3347,1,0,1,35,1,1656529543,1,False,active,,
3348,1,0,3348,1,1,1,31,0,1656527070,1,False,active,,
3349,0,0,3349,1,2,1,3,36,1656529559,1,False,active,,
3350,4,0,3350,1,2,1,4,31,1656530433,1,False,active,,
3351,1,0,3351,1,1,1,8,15,1656530365,1,False,active,,
3352,0,0,3352,1,0,1,20,1,1656527373,1,False,active,,
3354,2,0,3354,1,2,1,5,24,1656530224,1,False,active,,
3355,0,0,3355,1,2,1,5,20,1656530144,1,False,active,,
3356,2,0,3356,1,1,1,2,14,1656530175,1,False,active,,
3357,0,0,3357,1,0,1,4,31,1656530293,1,False,active,,
3358,3,0,3358,1,2,1,5,17,1656529662,1,False,active,,
3359,0,0,3359,1,0,1,0,58,1656530220,1,False,active,,
3360,2,0,3360,1,1,1,2,44,1656530094,1,False,active,,
3361,2,0,3361,1,0,1,18,3,1656529469,1,False,active,,
3362,2,0,3362,1,2,1,13,19,1656530130,1,False,active,,
3363,0,0,3363,1,1,1,6,27,1656528513,1,False,active,,
3364,1,0,3364,1,0,1,15,10,1656530307,1,False,active,,
3365,1,0,3365,1,0,1,3,23,1656529346,1,False,active,,
3366,3,1,3366,1,0,1,3,24,1656529160,1,False,active,,
3367,4,0,3367,1,1,1,19,15,1656530223,1,False,active,,
3368,3,0,3368,1,0,1,24,3,1656530012,1,False,active,,
3369,1,0,3369,1,0,1,0,28,1656529827,1,False,active,,
3370,0,0,3370,1,0,1,2,23,1656528503,1,False,active,,
3372,1,0,3372,1,1,1,10,68,1656530291,1,False,active,,
3373,3,0,3373,1,0,1,74,2,1656530445,1,False,active,,
3374,2,0,3374,1,1,1,26,7,1656530428,1,False,active,,
3375,0,0,3375,0,0,0,0,0,86400,0,False,out_of_service,,
3376,0,0,3376,1,3,1,10,38,1656530101,1,False,active,,
3377,1,0,3377,1,2,1,23,1,1656530246,1,False,active,,
3378,1,0,3378,1,5,1,5,22,1656530450,1,False,active,,
3379,2,0,3379,1,1,1,13,20,1656530218,1,False,active,,
3381,3,0,3381,1,0,1,48,2,1656530433,1,False,active,,
3382,0,0,3382,1,1,1,41,0,1656530027,1,False,active,,
3383,2,0,3383,1,0,1,1,21,1656530203,1,False,active,,
3384,1,0,3384,1,1,1,24,0,1656526780,1,False,active,,
3386,1,0,3386,1,0,1,14,19,1656530301,1,False,active,,
3387,2,0,3387,1,1,1,14,9,1656530094,1,False,active,,
3388,0,0,3388,0,0,0,0,0,86400,0,False,out_of_service,,
3389,1,0,3389,1,0,1,36,2,1656529812,1,False,active,,
3391,2,0,3391,1,0,1,11,12,1656529480,1,False,active,,
3392,0,0,3392,1,0,1,19,0,1656529578,1,False,active,,
3393,0,0,3393,1,0,1,18,1,1656526408,1,False,active,,
3394,0,0,3394,1,0,1,21,0,1656522326,1,False,active,,
3395,0,0,3395,1,0,1,16,3,1656528406,1,False,active,,
3396,0,0,3396,1,0,1,21,3,1656530207,1,False,active,,
3397,1,0,3397,1,0,1,25,7,1656529416,1,False,active,,
3398,2,0,3398,1,1,1,21,0,1656528782,1,False,active,,
3399,2,0,3399,1,0,1,22,0,1656518275,1,False,active,,
3402,0,0,3402,1,1,1,32,0,1656529046,1,False,active,,
3403,4,0,3403,1,0,1,26,1,1656529829,1,False,active,,
3404,1,0,3404,1,1,1,22,4,1656530337,1,False,active,,
3405,1,0,3405,1,0,1,3,19,1656529993,1,False,active,,
3407,2,0,3407,1,0,1,33,0,1656529533,1,False,active,,
3409,1,0,3409,1,0,1,47,0,1656530452,1,False,active,,
3410,1,0,3410,1,0,1,73,3,1656530395,1,False,active,,
3411,0,0,3411,1,0,1,27,0,1656529557,1,False,active,,
3412,0,0,3412,1,0,1,11,7,1656529977,1,False,active,,
3414,2,0,3414,1,1,1,22,9,1656529832,1,False,active,,
3415,0,0,3415,1,0,1,17,8,1656529716,1,False,active,,
3416,1,0,3416,1,0,1,15,9,1656530025,1,False,active,,
3418,3,0,3418,1,2,1,11,19,1656530347,1,False,active,,
3419,3,0,3419,1,1,1,47,1,1656530427,1,False,active,,
3420,0,0,3420,1,0,1,31,4,1656529797,1,False,active,,
3421,0,0,3421,1,0,1,35,0,1656524971,1,False,active,,
3422,1,0,3422,1,0,1,9,11,1656530013,1,False,active,,
3423,2,0,3423,1,3,1,5,21,1656530444,1,False,active,,
3424,0,0,3424,1,0,1,16,11,1656530305,1,False,active,,
3425,1,0,3425,1,2,1,4,28,1656530447,1,False,active,,
3429,3,0,3429,1,0,1,31,5,1656530416,1,False,active,,
3430,0,0,3430,1,0,1,8,17,1656530199,1,False,active,,
3435,2,0,3435,1,4,1,34,7,1656530443,1,False,active,,
3436,2,23,3436,1,2,1,20,0,1656529562,1,False,active,"{'valet_revision': 17030, 'region': 'BKN', 'off_dock_count': 81, 'off_dock_capacity': 120, 'station_id': '66de867e-0aca-11e7-82f6-3863bb44ef7c', 'dock_blocked_count': 23, 'active': False}",[{'id': '66de867e-0aca-11e7-82f6-3863bb44ef7c'}]
3437,1,0,3437,1,1,1,14,44,1656530321,1,False,active,,
3440,1,0,3440,1,2,1,46,0,1656530451,1,False,active,,
3443,6,31,3443,1,10,1,21,1,1656530381,1,False,active,"{'valet_revision': 19210, 'region': 'BKN', 'off_dock_count': 38, 'off_dock_capacity': 120, 'station_id': '66de8a86-0aca-11e7-82f6-3863bb44ef7c', 'dock_blocked_count': 31, 'active': False}",[{'id': '66de8a86-0aca-11e7-82f6-3863bb44ef7c'}]
3452,2,0,3452,1,0,1,39,2,1656530345,1,False,active,,
3453,1,0,3453,1,0,1,17,1,1656529906,1,False,active,,
3454,1,0,3454,1,0,1,13,10,1656529129,1,False,active,,
3456,0,0,3456,1,0,1,13,9,1656527390,1,False,active,,
3457,0,1,3457,1,6,1,49,16,1656529878,1,False,active,,
3461,0,0,3461,1,1,1,25,8,1656530435,1,False,active,,
3462,3,0,3462,1,2,1,7,28,1656530385,1,False,active,,
3463,1,0,3463,1,4,1,44,34,1656530435,1,False,active,,
3464,21,0,3464,1,1,1,2,33,1656529249,1,False,active,,
3467,3,0,3467,1,0,1,40,2,1656530168,1,False,active,,
3472,3,0,3472,1,1,1,31,5,1656530392,1,False,active,,
3477,33,0,3477,1,0,1,0,0,1656530397,1,False,active,,
3478,1,0,3478,1,1,1,40,2,1656529373,1,False,active,,
3479,4,0,3479,1,0,1,24,17,1656529765,1,False,active,,
3481,0,0,3481,0,0,0,0,0,86400,0,False,out_of_service,,
3483,0,0,3483,1,0,1,11,3,1656523548,1,False,active,,
3486,1,0,3486,1,0,1,38,1,1656530367,1,False,active,,
3490,1,0,3490,1,0,1,25,4,1656528579,1,False,active,,
3491,2,0,3491,1,0,1,18,4,1656529877,1,False,active,,
3492,0,0,3492,0,0,0,0,0,86400,0,False,out_of_service,,
3493,0,0,3493,0,0,0,0,0,86400,0,False,out_of_service,,
3494,2,0,3494,1,0,1,10,13,1656530318,1,False,active,,
3495,3,0,3495,1,0,1,20,3,1656530397,1,False,active,,
3496,4,0,3496,1,1,1,6,15,1656530274,1,False,active,,
3497,0,0,3497,0,0,0,0,0,86400,0,False,out_of_service,,
3498,5,0,3498,1,0,1,9,5,1656530322,1,False,active,,
3499,2,0,3499,1,1,1,18,5,1656529482,1,False,active,,
3500,0,0,3500,1,0,1,4,27,1656529649,1,False,active,,
3501,0,0,3501,1,1,1,3,26,1656529589,1,False,active,,
3502,1,0,3502,1,0,1,18,9,1656530388,1,False,active,,
3503,0,0,3503,1,0,1,1,29,1656530346,1,False,active,,
3504,1,0,3504,1,0,1,11,15,1656527472,1,False,active,,
3505,2,0,3505,1,0,1,7,23,1656529235,1,False,active,,
3506,0,0,3506,1,0,1,15,14,1656526517,1,False,active,,
3507,1,0,3507,1,0,1,5,30,1656529857,1,False,active,,
3508,1,0,3508,1,2,1,13,17,1656530312,1,False,active,,
3509,0,0,3509,1,0,1,18,13,1656530055,1,False,active,,
3510,0,0,3510,1,1,1,5,26,1656529797,1,False,active,,
3511,1,0,3511,1,2,1,16,5,1656530448,1,False,active,,
3513,1,0,3513,1,0,1,0,31,1656529459,1,False,active,,
3514,1,0,3514,1,1,1,1,31,1656529497,1,False,active,,
3515,0,0,3515,1,0,1,2,17,1656525783,1,False,active,,
3516,0,0,3516,0,0,0,0,0,86400,0,False,out_of_service,,
3517,1,0,3517,1,0,1,23,11,1656529463,1,False,active,,
3518,1,0,3518,1,1,1,8,24,1656529920,1,False,active,,
3520,0,0,3520,1,0,1,13,14,1656530244,1,False,active,,
3521,4,0,3521,1,1,1,6,24,1656530448,1,False,active,,
3522,0,1,3522,1,1,1,2,16,1656530326,1,False,active,,
3523,1,0,3523,1,0,1,1,43,1656529459,1,False,active,,
3524,0,0,3524,1,0,1,1,22,1656529320,1,False,active,,
3525,0,0,3525,1,0,1,4,17,1656529674,1,False,active,,
3526,1,0,3526,1,0,1,20,6,1656530089,1,False,active,,
3528,1,0,3528,1,0,1,2,18,1656525673,1,False,active,,
3529,2,0,3529,1,0,1,3,19,1656529788,1,False,active,,
3530,0,0,3530,1,1,1,2,17,1656529790,1,False,active,,
3531,1,0,3531,1,2,1,2,24,1656530453,1,False,active,,
3532,1,0,3532,1,0,1,0,26,1656528594,1,False,active,,
3533,2,0,3533,1,0,1,16,15,1656529900,1,False,active,,
3534,1,0,3534,1,2,1,26,11,1656530381,1,False,active,,
3535,1,0,3535,1,0,1,7,19,1656530000,1,False,active,,
3536,1,0,3536,1,0,1,1,41,1656529654,1,False,active,,
3537,1,0,3537,1,0,1,13,15,1656529936,1,False,active,,
3538,0,0,3538,1,0,1,0,45,1656530149,1,False,active,,
3539,0,12,3539,1,0,1,4,27,1656529831,1,False,active,,
3540,0,0,3540,1,0,1,8,26,1656528549,1,False,active,,
3541,1,0,3541,1,0,1,6,32,1656526845,1,False,active,,
3543,0,0,3543,1,0,1,1,34,1656528116,1,False,active,,
3544,2,0,3544,1,0,1,9,16,1656530049,1,False,active,,
3545,0,0,3545,1,0,1,2,31,1656530170,1,False,active,,
3546,0,0,3546,1,0,1,7,14,1656527620,1,False,active,,
3547,0,0,3547,1,0,1,6,35,1656530360,1,False,active,,
3549,0,0,3549,1,1,1,2,23,1656530175,1,False,active,,
3551,0,0,3551,1,0,1,7,15,1656529243,1,False,active,,
3552,0,0,3552,1,1,1,4,35,1656530288,1,False,active,,
3553,27,10,3553,1,0,1,0,0,1656530358,1,False,active,,
3554,0,0,3554,1,0,1,23,4,1656529806,1,False,active,,
3555,1,0,3555,1,2,1,8,18,1656530364,1,False,active,,
3557,0,0,3557,1,0,1,5,14,1656529732,1,False,active,,
3558,1,0,3558,1,1,1,5,21,1656530436,1,False,active,,
3559,1,0,3559,1,2,1,3,15,1656525097,1,False,active,,
3561,0,0,3561,1,2,1,4,22,1656526845,1,False,active,,
3562,0,0,3562,1,0,1,1,25,1656529835,1,False,active,,
3563,1,0,3563,1,0,1,3,25,1656529463,1,False,active,,
3564,0,0,3564,1,2,1,7,12,1656525425,1,False,active,,
3565,0,0,3565,1,0,1,1,18,1656529370,1,False,active,,
3566,1,0,3566,1,0,1,0,24,1656529097,1,False,active,,
3568,1,0,3568,1,0,1,2,18,1656530441,1,False,active,,
3569,3,0,3569,1,0,1,0,26,1656528808,1,False,active,,
3570,0,0,3570,1,0,1,5,26,1656525211,1,False,active,,
3571,0,0,3571,1,1,1,1,23,1656530026,1,False,active,,
3572,0,0,3572,1,2,1,4,29,1656529378,1,False,active,,
3573,0,0,3573,1,0,1,2,23,1656529766,1,False,active,,
3574,0,0,3574,1,0,1,1,22,1656530001,1,False,active,,
3575,1,0,3575,1,0,1,1,25,1656529812,1,False,active,,
3577,0,0,3577,1,0,1,2,20,1656528478,1,False,active,,
3578,1,0,3578,1,0,1,8,12,1656530216,1,False,active,,
3579,2,0,3579,1,0,1,1,22,1656528917,1,False,active,,
3580,1,0,3580,1,0,1,2,27,1656530377,1,False,active,,
3581,2,0,3581,1,1,1,2,23,1656530278,1,False,active,,
3582,1,0,3582,1,0,1,0,27,1656529199,1,False,active,,
3583,0,0,3583,1,0,1,1,30,1656530019,1,False,active,,
3584,0,0,3584,1,0,1,1,41,1656530143,1,False,active,,
3585,2,0,3585,1,0,1,1,21,1656530097,1,False,active,,
3586,0,0,3586,1,0,1,7,12,1656529595,1,False,active,,
3587,1,0,3587,1,0,1,8,18,1656528626,1,False,active,,
3588,0,0,3588,1,0,1,36,5,1656526984,1,False,active,,
3589,1,0,3589,1,0,1,30,0,1656524946,1,False,active,,
3590,1,0,3590,1,0,1,10,8,1656530149,1,False,active,,
3591,0,0,3591,1,1,1,15,6,1656528544,1,False,active,,
3592,7,0,3592,1,1,1,3,9,1656530377,1,False,active,,
3593,1,0,3593,1,2,1,6,27,1656529407,1,False,active,,
3595,0,0,3595,1,1,1,3,15,1656529188,1,False,active,,
3596,0,0,3596,1,0,1,14,5,1656525226,1,False,active,,
3597,0,0,3597,1,0,1,5,20,1656529174,1,False,active,,
3598,0,0,3598,1,0,1,0,19,1656524923,1,False,active,,
3600,18,5,3600,1,0,1,1,1,1656530302,1,False,active,,
3601,0,0,3601,1,1,1,14,5,1656529818,1,False,active,,
3602,0,0,3602,1,0,1,2,21,1656530062,1,False,active,,
3603,0,0,3603,1,1,1,1,20,1656530091,1,False,active,,
3604,0,0,3604,1,2,1,5,12,1656530348,1,False,active,,
3605,1,0,3605,1,1,1,7,13,1656529368,1,False,active,,
3606,1,0,3606,1,5,1,7,13,1656527638,1,False,active,,
3607,0,0,3607,1,0,1,8,11,1656527598,1,False,active,,
3608,0,0,3608,1,0,1,16,5,1656527265,1,False,active,,
3609,1,0,3609,1,0,1,15,7,1656530326,1,False,active,,
3611,2,0,3611,1,1,1,27,2,1656528337,1,False,active,,
3612,0,0,3612,1,0,1,6,9,1656529896,1,False,active,,
3613,0,0,3613,1,0,1,21,6,1656530109,1,False,active,,
3614,2,0,3614,1,0,1,7,14,1656529781,1,False,active,,
3616,3,0,3616,1,2,1,8,14,1656530193,1,False,active,,
3617,0,1,3617,1,1,1,1,24,1656530407,1,False,active,,
3618,1,0,3618,1,1,1,27,5,1656528987,1,False,active,,
3619,0,0,3619,1,0,1,5,22,1656528348,1,False,active,,
3620,0,0,3620,1,0,1,26,2,1656525913,1,False,active,,
3621,0,0,3621,1,0,1,3,36,1656529558,1,False,active,,
3622,0,0,3622,1,0,1,0,23,1656527720,1,False,active,,
3623,3,0,3623,1,0,1,2,34,1656528654,1,False,active,,
3628,2,0,3628,1,0,1,10,18,1656530443,1,False,active,,
3629,1,0,3629,1,0,1,22,9,1656530452,1,False,active,,
3630,5,0,3630,1,1,1,7,21,1656530356,1,False,active,,
3635,0,0,3635,1,1,1,7,36,1656530277,1,False,active,,
3637,0,0,3637,1,0,1,3,28,1656530147,1,False,active,,
3638,2,0,3638,1,5,1,15,1,1656530356,1,False,active,,
3639,0,0,3639,1,0,1,15,15,1656530419,1,False,active,,
3640,0,0,3640,1,11,1,12,6,1656530136,1,False,active,,
3641,3,0,3641,1,0,1,67,1,1656530454,1,False,active,,
3646,0,0,3646,1,0,1,6,20,1656530411,1,False,active,,
3648,2,0,3648,1,0,1,21,2,1656530141,1,False,active,,
3649,1,0,3649,1,0,1,3,26,1656527261,1,False,active,,
3654,0,0,3654,1,0,1,7,28,1656529543,1,False,active,,
3656,2,0,3656,1,2,1,23,21,1656530424,1,False,active,,
3658,1,0,3658,1,0,1,8,18,1656529088,1,False,active,,
3661,2,0,3661,1,0,1,14,3,1656526008,1,False,active,,
3664,3,29,3664,1,0,1,5,0,1656530109,1,False,active,"{'valet_revision': 64400, 'region': 'BKN', 'off_dock_count': 120, 'off_dock_capacity': 120, 'station_id': 'c1e24edf-7192-433f-8d38-be5b6b3647c5', 'dock_blocked_count': 29, 'active': False}",[{'id': 'c1e24edf-7192-433f-8d38-be5b6b3647c5'}]
3668,4,0,3668,1,2,1,21,1,1656528954,1,False,active,,
3673,0,0,3673,1,0,1,14,6,1656530088,1,False,active,,
3674,4,0,3674,1,1,1,22,1,1656529553,1,False,active,,
3676,1,0,3676,1,2,1,23,0,1656530068,1,False,active,,
3677,1,0,3677,1,7,1,11,6,1656528557,1,False,active,,
3678,2,0,3678,1,0,1,8,8,1656530154,1,False,active,,
3679,2,0,3679,1,0,1,1,11,1656530433,1,False,active,,
3681,0,0,3681,1,2,1,17,1,1656529825,1,False,active,,
3686,1,0,3686,1,3,1,22,16,1656530240,1,False,active,,
3687,9,0,3687,1,0,1,39,35,1656530361,1,False,active,,
3688,1,0,3688,1,1,1,5,23,1656529790,1,False,active,,
3689,1,0,3689,1,2,1,2,44,1656530383,1,False,active,,
3690,5,0,3690,1,0,1,25,6,1656530287,1,False,active,,
3691,0,0,3691,1,0,1,0,19,1656529373,1,False,active,,
3692,0,24,3692,1,0,1,25,0,1656529026,1,False,active,"{'valet_revision': 2508, 'region': 'BKN', 'off_dock_count': 42, 'off_dock_capacity': 120, 'station_id': '918af7b2-e05c-477a-a8c0-7dcff984c566', 'dock_blocked_count': 24, 'active': False}",[{'id': '918af7b2-e05c-477a-a8c0-7dcff984c566'}]
3693,1,0,3693,1,0,1,26,0,1656522340,1,False,active,,
3694,0,0,3694,1,5,1,6,12,1656529603,1,False,active,,
3697,0,0,3697,1,3,1,4,38,1656529927,1,False,active,,
3699,0,0,3699,1,0,1,9,20,1656530178,1,False,active,,
3704,0,0,3704,1,2,1,4,15,1656512800,1,False,active,,
3705,1,0,3705,1,2,1,27,13,1656530037,1,False,active,,
3707,1,0,3707,1,1,1,12,41,1656530452,1,False,active,,
3708,1,0,3708,1,0,1,17,11,1656530337,1,False,active,,
3709,1,0,3709,1,4,1,23,25,1656530329,1,False,active,,
3711,2,0,3711,1,0,1,0,60,1656530069,1,False,active,,
3712,1,2,3712,1,1,1,2,36,1656530157,1,False,active,,
3714,4,0,3714,1,0,1,21,36,1656530056,1,False,active,,
3715,1,0,3715,1,0,1,27,2,1656530433,1,False,active,,
3716,0,0,3716,1,0,1,2,21,1656528223,1,False,active,,
3718,1,0,3718,1,3,1,9,34,1656530203,1,False,active,,
3721,3,0,3721,1,0,1,23,11,1656530391,1,False,active,,
3724,2,0,3724,1,2,1,4,75,1656530440,1,False,active,,
3725,2,0,3725,1,1,1,13,39,1656530407,1,False,active,,
3726,2,0,3726,1,1,1,10,11,1656530166,1,False,active,,
3727,2,0,3727,1,0,1,34,2,1656530378,1,False,active,,
3728,1,0,3728,1,2,1,18,4,1656530436,1,False,active,,
3731,0,0,3731,1,3,1,38,8,1656530401,1,False,active,,
3733,4,0,3733,1,1,1,1,41,1656530044,1,False,active,,
3734,1,0,3734,1,0,1,2,47,1656530404,1,False,active,,
3735,4,0,3735,1,10,1,31,3,1656530296,1,False,active,,
3736,1,0,3736,1,1,1,3,37,1656530444,1,False,active,,
3737,0,0,3737,1,0,1,10,13,1656530205,1,False,active,,
3738,0,0,3738,1,1,1,19,12,1656530393,1,False,active,,
3739,2,0,3739,1,1,1,3,32,1656529916,1,False,active,,
3740,1,0,3740,1,0,1,46,3,1656530323,1,False,active,,
3745,3,0,3745,1,0,1,2,22,1656530386,1,False,active,,
3746,2,0,3746,1,3,1,33,13,1656530246,1,False,active,,
3749,1,0,3749,1,1,1,1,21,1656530274,1,False,active,,
3755,2,0,3755,1,0,1,11,5,1656530232,1,False,active,,
3756,0,0,3756,1,0,1,17,4,1656527243,1,False,active,,
3757,1,0,3757,1,1,1,16,6,1656529409,1,False,active,,
3758,0,0,3758,1,1,1,10,9,1656529671,1,False,active,,
3759,0,0,3759,1,0,1,9,10,1656529942,1,False,active,,
3760,0,0,3760,1,0,0,21,2,1656528201,0,False,active,,
3761,1,0,3761,1,0,1,11,15,1656529764,1,False,active,,
3762,1,0,3762,1,1,1,25,1,1656530310,1,False,active,,
3763,1,0,3763,1,0,1,19,7,1656528017,1,False,active,,
3764,1,0,3764,1,0,1,18,2,1656530408,1,False,active,,
3765,0,0,3765,1,0,1,21,0,1656523237,1,False,active,,
3767,0,0,3767,0,0,0,0,0,86400,0,False,out_of_service,,
3768,1,0,3768,1,0,1,17,5,1656529264,1,False,active,,
3769,1,0,3769,1,0,1,22,0,1656530296,1,False,active,,
3770,0,0,3770,1,0,1,19,2,1656529586,1,False,active,,
3771,1,0,3771,1,0,1,25,4,1656528178,1,False,active,,
3772,1,0,3772,1,0,1,18,0,1656525072,1,False,active,,
3773,1,0,3773,1,2,1,13,6,1656530175,1,False,active,,
3774,0,0,3774,1,0,1,13,10,1656530384,1,False,active,,
3775,0,0,3775,1,0,1,12,14,1656528992,1,False,active,,
3776,0,0,3776,1,0,1,2,21,1656529036,1,False,active,,
3777,0,0,3777,1,0,1,19,4,1656529914,1,False,active,,
3778,0,0,3778,1,0,1,22,5,1656526940,1,False,active,,
3779,2,0,3779,1,2,1,19,3,1656530327,1,False,active,,
3780,2,0,3780,1,0,1,16,4,1656529771,1,False,active,,
3781,0,0,3781,1,0,1,24,6,1656530365,1,False,active,,
3782,1,0,3782,1,1,1,26,4,1656530309,1,False,active,,
3783,0,0,3783,1,5,1,65,0,1656529322,1,False,active,,
3785,1,0,3785,1,2,1,14,22,1656530374,1,False,active,,
3786,2,0,3786,1,0,1,39,8,1656530306,1,False,active,,
3787,1,13,3787,1,0,1,3,5,1656530134,1,False,active,"{'valet_revision': 17341, 'region': 'BKN', 'off_dock_count': 91, 'off_dock_capacity': 90, 'station_id': '17ba4945-b202-4667-965f-211d80622646', 'dock_blocked_count': 13, 'active': False}",[{'id': '17ba4945-b202-4667-965f-211d80622646'}]
3789,2,0,3789,1,1,1,6,23,1656530225,1,False,active,,
3790,4,0,3790,1,0,1,30,3,1656529813,1,False,active,,
3791,0,0,3791,1,4,1,21,11,1656530451,1,False,active,,
3792,1,0,3792,1,2,1,27,2,1656529650,1,False,active,,
3795,0,0,3795,1,0,1,19,0,1656529528,1,False,active,,
3798,5,0,3798,1,3,1,36,13,1656530317,1,False,active,,
3799,5,0,3799,1,7,1,15,47,1656530294,1,False,active,,
3803,2,0,3803,1,0,1,13,11,1656529796,1,False,active,,
3804,2,0,3804,1,0,1,21,1,1656529632,1,False,active,,
3808,4,0,3808,1,0,1,3,11,1656527921,1,False,active,,
3809,3,0,3809,1,3,1,43,6,1656530231,1,False,active,,
3811,1,0,3811,1,1,1,16,2,1656530012,1,False,active,,
3812,5,0,3812,1,1,1,36,20,1656530420,1,False,active,,
3813,4,1,3813,1,1,1,18,26,1656530370,1,False,active,,
3814,0,0,3814,1,2,1,21,11,1656530228,1,False,active,,
3815,1,0,3815,1,0,1,22,18,1656529261,1,False,active,,
3816,0,0,3816,1,0,1,24,0,1656512860,1,False,active,,
3817,0,0,3817,1,0,1,14,4,1656530272,1,False,active,,
3818,0,0,3818,1,0,1,20,20,1656529309,1,False,active,,
3819,1,0,3819,1,0,1,19,0,1656522143,1,False,active,,
3820,1,0,3820,1,1,1,1,17,1656528953,1,False,active,,
3821,0,0,3821,1,0,1,12,13,1656530160,1,False,active,,
3822,0,0,3822,1,1,1,15,5,1656527624,1,False,active,,
3823,0,0,3823,1,0,1,22,8,1656529355,1,False,active,,
3824,2,0,3824,1,3,1,8,12,1656528909,1,False,active,,
3825,0,0,3825,1,0,1,0,29,1656516557,1,False,active,,
3826,0,0,3826,1,0,1,5,13,1656525278,1,False,active,,
3827,1,0,3827,1,1,1,2,17,1656530084,1,False,active,,
3828,0,0,3828,1,0,1,1,21,1656527121,1,False,active,,
3829,0,0,3829,1,0,1,8,15,1656529920,1,False,active,,
3830,0,0,3830,1,0,1,7,15,1656528534,1,False,active,,
3831,0,0,3831,1,0,1,4,31,1656530316,1,False,active,,
3832,0,0,3832,1,0,1,14,7,1656529485,1,False,active,,
3833,1,0,3833,1,0,1,0,17,1656524302,1,False,active,,
3834,0,0,3834,1,0,1,2,17,1656529670,1,False,active,,
3835,0,0,3835,0,0,0,0,0,86400,0,False,out_of_service,,
3836,1,0,3836,1,0,1,0,28,1656529232,1,False,active,,
3837,0,0,3837,1,0,1,0,29,1656518933,1,False,active,,
3838,1,0,3838,1,0,1,1,23,1656529239,1,False,active,,
3839,0,0,3839,1,0,1,2,27,1656527436,1,False,active,,
3840,1,0,3840,1,0,1,4,19,1656529505,1,False,active,,
3841,1,0,3841,1,0,1,11,13,1656524400,1,False,active,,
3842,2,0,3842,1,0,1,0,27,1656529204,1,False,active,,
3843,0,0,3843,1,1,1,7,16,1656528069,1,False,active,,
3844,0,0,3844,1,0,1,18,6,1656530366,1,False,active,,
3845,1,0,3845,1,1,1,13,7,1656529635,1,False,active,,
3846,0,0,3846,1,1,1,4,21,1656530060,1,False,active,,
3847,1,0,3847,1,0,1,3,21,1656529080,1,False,active,,
3848,1,0,3848,1,0,1,12,19,1656530356,1,False,active,,
3849,0,0,3849,1,0,1,12,5,1656524765,1,False,active,,
3850,0,0,3850,1,0,1,21,4,1656530375,1,False,active,,
3851,0,0,3851,1,13,1,20,0,1656512676,1,False,active,,
3852,1,0,3852,1,1,1,14,2,1656530434,1,False,active,,
3853,0,0,3853,1,0,1,13,7,1656529928,1,False,active,,
3854,1,0,3854,1,0,1,24,0,1656530024,1,False,active,,
3855,0,0,3855,1,1,1,20,2,1656529891,1,False,active,,
3856,3,0,3856,1,0,1,12,10,1656530453,1,False,active,,
3857,0,0,3857,1,2,1,11,8,1656530282,1,False,active,,
3858,1,0,3858,1,0,1,14,5,1656528829,1,False,active,,
3860,1,0,3860,1,0,1,13,12,1656530053,1,False,active,,
3861,1,0,3861,1,0,1,0,19,1656528839,1,False,active,,
3862,0,0,3862,1,1,1,2,16,1656529861,1,False,active,,
3863,0,0,3863,1,0,1,2,16,1656530077,1,False,active,,
3864,0,0,3864,1,0,1,7,23,1656520612,1,False,active,,
3865,2,0,3865,1,1,1,5,17,1656526712,1,False,active,,
3866,0,0,3866,1,1,1,6,26,1656528166,1,False,active,,
3867,0,0,3867,1,0,1,3,26,1656530416,1,False,active,,
3868,0,0,3868,1,0,1,1,18,1656530211,1,False,active,,
3869,1,0,3869,1,0,1,5,18,1656530392,1,False,active,,
3870,0,0,3870,1,1,1,7,13,1656529023,1,False,active,,
3871,1,0,3871,1,0,1,3,25,1656527318,1,False,active,,
3872,0,0,3872,1,0,1,0,19,1656514164,1,False,active,,
3873,0,0,3873,1,1,1,13,4,1656529472,1,False,active,,
3874,0,0,3874,1,1,1,1,15,1656530295,1,False,active,,
3875,0,0,3875,1,0,1,6,9,1656524644,1,False,active,,
3876,1,0,3876,1,2,1,13,9,1656528506,1,False,active,,
3877,1,0,3877,1,1,1,1,23,1656530149,1,False,active,,
3878,0,0,3878,1,0,1,7,12,1656522327,1,False,active,,
3879,0,0,3879,1,0,1,2,23,1656529365,1,False,active,,
3880,1,0,3880,1,0,1,1,25,1656529774,1,False,active,,
3881,0,0,3881,1,0,1,21,18,1656530392,1,False,active,,
3882,1,0,3882,1,1,1,5,9,1656527710,1,False,active,,
3883,1,0,3883,1,0,1,0,18,1656522646,1,False,active,,
3884,0,0,3884,1,0,1,0,23,1656525965,1,False,active,,
3885,0,0,3885,1,0,1,0,19,1656527930,1,False,active,,
3886,0,0,3886,1,1,1,1,19,1656527301,1,False,active,,
3887,0,0,3887,1,0,1,17,4,1656529711,1,False,active,,
3888,1,0,3888,1,0,1,0,18,1656520689,1,False,active,,
3890,4,16,3890,1,0,1,0,11,1656530400,1,False,active,,
3891,0,0,3891,1,0,1,13,7,1656530021,1,False,active,,
3892,0,1,3892,1,0,1,5,12,1656530387,1,False,active,,
3893,2,0,3893,1,0,1,1,22,1656529673,1,False,active,,
3894,3,0,3894,1,0,1,28,5,1656530435,1,False,active,,
3895,0,0,3895,1,0,1,1,24,1656528090,1,False,active,,
3896,0,0,3896,1,1,1,5,17,1656529905,1,False,active,,
3897,0,0,3897,1,0,1,0,17,1656525497,1,False,active,,
3898,0,0,3898,1,0,1,12,45,1656528990,1,False,active,,
3899,0,0,3899,1,0,1,14,4,1656530221,1,False,active,,
3900,0,0,3900,1,0,1,25,5,1656527689,1,False,active,,
3901,0,0,3901,1,1,1,1,16,1656529156,1,False,active,,
3902,1,0,3902,1,1,1,1,17,1656528862,1,False,active,,
3903,2,0,3903,1,0,1,1,14,1656529455,1,False,active,,
3904,25,9,3904,1,1,1,1,0,1656530189,1,False,active,,
3905,2,0,3905,1,2,1,22,3,1656530445,1,False,active,,
3906,3,0,3906,1,2,1,12,15,1656530419,1,False,active,,
3907,1,0,3907,1,0,1,6,10,1656530379,1,False,active,,
3909,0,0,3909,1,0,1,0,20,1656528688,1,False,active,,
3910,0,0,3910,1,0,1,0,17,1656526212,1,False,active,,
3911,0,0,3911,1,0,1,21,1,1656530138,1,False,active,,
3913,0,0,3913,1,2,1,19,0,1656530443,1,False,active,,
3914,1,0,3914,1,2,1,3,35,1656530228,1,False,active,,
3916,0,0,3916,1,1,1,44,1,1656528990,1,False,active,,
3917,1,0,3917,1,0,1,30,0,1656526790,1,False,active,,
3920,1,0,3920,1,1,1,5,13,1656529407,1,False,active,,
3921,1,0,3921,1,0,1,3,15,1656530405,1,False,active,,
3922,1,0,3922,1,0,1,18,0,1656527343,1,False,active,,
3923,0,0,3923,1,0,1,7,10,1656528829,1,False,active,,
3924,1,0,3924,1,1,1,3,22,1656530208,1,False,active,,
3926,0,0,3926,1,2,1,7,13,1656530100,1,False,active,,
3927,2,1,3927,1,0,1,0,24,1656530241,1,False,active,,
3928,8,0,3928,1,1,1,2,13,1656529549,1,False,active,,
3929,1,0,3929,1,0,1,4,14,1656526006,1,False,active,,
3930,1,0,3930,1,1,1,8,10,1656520152,1,False,active,,
3931,2,0,3931,1,0,1,4,17,1656521248,1,False,active,,
3932,1,0,3932,1,0,1,0,22,1656527900,1,False,active,,
3933,1,0,3933,1,0,1,8,10,1656524343,1,False,active,,
3934,1,0,3934,1,0,1,18,8,1656529291,1,False,active,,
3935,1,1,3935,1,0,1,0,17,1656530422,1,False,active,,
3936,0,0,3936,1,0,1,2,17,1656527630,1,False,active,,
3937,1,0,3937,1,0,1,0,22,1656529354,1,False,active,,
3938,1,0,3938,1,0,1,7,11,1656524990,1,False,active,,
3939,0,0,3939,1,1,1,12,9,1656529332,1,False,active,,
3940,1,0,3940,1,0,1,5,10,1656512705,1,False,active,,
3941,0,0,3941,1,1,1,10,7,1656506478,1,False,active,,
3942,3,0,3942,1,0,1,2,16,1656530251,1,False,active,,
3944,1,0,3944,1,0,1,2,27,1656528788,1,False,active,,
3945,2,0,3945,1,0,1,0,19,1656524790,1,False,active,,
3946,1,0,3946,1,0,1,0,20,1656529558,1,False,active,,
3947,0,0,3947,1,0,1,3,15,1656530079,1,False,active,,
3948,1,0,3948,1,0,1,2,20,1656529907,1,False,active,,
3949,1,0,3949,1,0,1,20,2,1656526448,1,False,active,,
3950,1,0,3950,1,0,1,5,13,1656529112,1,False,active,,
3951,0,0,3951,1,0,1,6,13,1656525457,1,False,active,,
3952,0,0,3952,1,0,1,3,16,1656528263,1,False,active,,
3953,1,0,3953,1,0,1,1,23,1656530176,1,False,active,,
3955,0,0,3955,1,0,1,7,11,1656523437,1,False,active,,
3956,0,0,3956,1,0,1,3,20,1656525377,1,False,active,,
3957,1,0,3957,1,0,1,4,14,1656530343,1,False,active,,
3958,0,0,3958,1,0,1,3,20,1656528270,1,False,active,,
3959,2,0,3959,1,0,1,1,28,1656527881,1,False,active,,
3960,1,0,3960,1,0,1,1,19,1656529005,1,False,active,,
3961,0,0,3961,1,2,1,9,10,1656527474,1,False,active,,
3963,1,0,3963,1,3,1,7,22,1656530397,1,False,active,,
3964,0,0,3964,1,0,1,4,16,1656530230,1,False,active,,
3965,0,0,3965,1,1,1,7,12,1656530167,1,False,active,,
3966,0,0,3966,1,0,1,3,16,1656524669,1,False,active,,
3967,1,29,3967,1,0,1,0,0,1656530444,1,False,active,,
3968,1,0,3968,1,0,1,11,8,1656530353,1,False,active,,
3969,0,0,3969,1,0,1,5,13,1656529662,1,False,active,,
3970,0,0,3970,1,0,1,1,18,1656530282,1,False,active,,
3972,1,0,3972,1,0,1,3,19,1656530185,1,False,active,,
3973,1,0,3973,1,0,1,1,24,1656529676,1,False,active,,
3975,0,0,3975,1,1,1,4,17,1656528524,1,False,active,,
3976,2,0,3976,1,1,1,7,10,1656529371,1,False,active,,
3977,0,0,3977,1,0,1,0,29,1656528800,1,False,active,,
3978,1,0,3978,1,0,1,0,17,1656530387,1,False,active,,
3980,0,0,3980,1,0,1,0,20,1656521234,1,False,active,,
3981,0,0,3981,1,0,1,3,21,1656525825,1,False,active,,
3982,3,0,3982,1,2,1,2,16,1656530150,1,False,active,,
3983,1,0,3983,1,4,1,11,11,1656528501,1,False,active,,
3984,1,0,3984,1,0,1,1,20,1656527950,1,False,active,,
3985,0,0,3985,1,0,1,3,19,1656503472,1,False,active,,
3986,2,0,3986,1,1,1,20,12,1656530206,1,False,active,,
3987,2,0,3987,1,0,1,4,17,1656530368,1,False,active,,
3988,0,0,3988,1,0,1,7,12,1656529139,1,False,active,,
3989,1,0,3989,1,0,1,0,20,1656526134,1,False,active,,
3994,2,0,3994,1,0,1,11,15,1656530091,1,False,active,,
3995,2,0,3995,1,0,1,1,18,1656527489,1,False,active,,
3996,0,0,3996,1,0,1,6,18,1656528444,1,False,active,,
3997,0,0,3997,1,0,1,2,18,1656530133,1,False,active,,
3998,0,0,3998,1,0,1,1,28,1656529674,1,False,active,,
3999,1,0,3999,1,0,1,11,10,1656530124,1,False,active,,
4000,0,0,4000,1,3,1,6,16,1656530175,1,False,active,,
4001,1,0,4001,1,0,1,1,21,1656529815,1,False,active,,
4002,0,0,4002,1,1,1,5,19,1656530003,1,False,active,,
4004,0,0,4004,1,1,1,1,19,1656530090,1,False,active,,
4005,0,0,4005,1,0,1,0,24,1656530394,1,False,active,,
4006,1,0,4006,1,1,1,13,11,1656528622,1,False,active,,
4007,1,0,4007,1,0,1,0,29,1656530334,1,False,active,,
4008,1,0,4008,1,0,1,0,22,1656529031,1,False,active,,
4009,0,0,4009,1,0,1,3,32,1656529318,1,False,active,,
4010,0,0,4010,1,0,1,0,0,86400,1,False,active,,
4011,0,0,4011,1,0,1,3,22,1656530320,1,False,active,,
4012,1,0,4012,1,0,1,2,20,1656529767,1,False,active,,
4013,1,0,4013,1,1,1,2,21,1656526591,1,False,active,,
4014,0,0,4014,1,0,1,0,21,1656528829,1,False,active,,
4015,0,0,4015,1,1,1,16,15,1656529072,1,False,active,,
4016,1,0,4016,1,0,1,1,20,1656530119,1,False,active,,
4017,0,0,4017,1,0,1,0,22,1656527786,1,False,active,,
4018,1,0,4018,1,0,1,3,17,1656530427,1,False,active,,
4019,0,0,4019,1,1,1,6,11,1656522187,1,False,active,,
4020,0,0,4020,1,1,1,2,20,1656530019,1,False,active,,
4021,1,0,4021,1,0,1,3,17,1656519276,1,False,active,,
4022,0,0,4022,0,0,0,0,0,86400,0,False,out_of_service,,
4023,2,0,4023,1,1,1,1,20,1656530386,1,False,active,,
4024,3,0,4024,1,4,1,7,23,1656529834,1,False,active,,
4025,0,0,4025,1,0,1,0,20,1656523530,1,False,active,,
4027,0,0,4027,1,0,1,2,21,1656530164,1,False,active,,
4028,1,0,4028,1,3,1,14,4,1656525431,1,False,active,,
4029,0,0,4029,1,0,1,4,19,1656529989,1,False,active,,
4031,0,0,4031,1,0,1,0,19,1656522646,1,False,active,,
4032,0,0,4032,1,0,1,0,19,1656528981,1,False,active,,
4034,1,0,4034,1,0,1,8,17,1656528870,1,False,active,,
4035,1,0,4035,1,2,1,2,17,1656530091,1,False,active,,
4036,0,0,4036,1,0,1,24,12,1656529216,1,False,active,,
4037,0,0,4037,1,0,1,37,2,1656530203,1,False,active,,
4038,0,0,4038,1,1,1,23,13,1656530172,1,False,active,,
4040,4,0,4040,1,2,1,39,7,1656530112,1,False,active,,
4041,1,0,4041,1,0,1,5,12,1656527625,1,False,active,,
4044,12,5,4044,1,0,1,10,20,1656530421,1,False,active,,
4045,2,0,4045,1,1,1,2,35,1656530144,1,False,active,,
4047,1,0,4047,1,0,1,0,26,1656509780,1,False,active,,
4048,0,0,4048,1,0,1,1,19,1656522457,1,False,active,,
4050,0,0,4050,1,0,1,0,21,1656527768,1,False,active,,
4051,0,0,4051,1,1,1,19,7,1656530210,1,False,active,,
4052,0,0,4052,1,0,1,0,27,1656504862,1,False,active,,
4053,3,0,4053,1,0,1,5,11,1656529103,1,False,active,,
4054,2,0,4054,1,0,1,2,15,1656523079,1,False,active,,
4055,0,0,4055,1,0,1,5,22,1656529794,1,False,active,,
4056,0,0,4056,1,0,1,1,23,1656526577,1,False,active,,
4057,0,0,4057,1,1,1,1,22,1656529794,1,False,active,,
4058,5,30,4058,1,2,1,6,0,1656530417,1,False,active,"{'valet_revision': 32099, 'region': 'BKN', 'off_dock_count': 104, 'off_dock_capacity': 100, 'station_id': '821b19c1-ab13-4482-9580-770288a377a7', 'dock_blocked_count': 30, 'active': False}",[{'id': '821b19c1-ab13-4482-9580-770288a377a7'}]
4059,1,0,4059,1,2,1,16,14,1656529104,1,False,active,,
4060,3,0,4060,1,0,1,3,17,1656528336,1,False,active,,
4061,0,0,4061,1,1,1,2,22,1656528162,1,False,active,,
4062,0,0,4062,1,1,1,22,1,1656530313,1,False,active,,
4063,2,0,4063,1,1,1,1,21,1656530183,1,False,active,,
4064,1,0,4064,1,0,1,0,22,1656529752,1,False,active,,
4065,1,0,4065,1,2,1,2,32,1656530359,1,False,active,,
4066,1,0,4066,1,0,1,0,22,1656521793,1,False,active,,
4067,0,0,4067,1,1,1,14,9,1656529962,1,False,active,,
4068,0,0,4068,1,0,1,0,29,1656527447,1,False,active,,
4069,0,0,4069,1,0,1,7,17,1656529327,1,False,active,,
4070,0,0,4070,1,0,1,0,24,1656524846,1,False,active,,
4071,0,0,4071,1,0,1,0,21,1656528694,1,False,active,,
4073,2,0,4073,1,0,1,22,11,1656530061,1,False,active,,
4074,0,0,4074,1,0,1,0,23,1656508315,1,False,active,,
4075,4,0,4075,1,2,1,4,27,1656530374,1,False,active,,
4076,5,0,4076,1,1,1,1,23,1656530401,1,False,active,,
4078,0,0,4078,1,0,1,4,27,1656523912,1,False,active,,
4080,0,0,4080,1,0,1,19,2,1656529430,1,False,active,,
4081,0,0,4081,1,0,1,12,9,1656528747,1,False,active,,
4082,1,0,4082,1,0,1,6,23,1656524135,1,False,active,,
4083,1,0,4083,1,1,1,2,17,1656529471,1,False,active,,
4084,0,0,4084,1,0,1,2,19,1656519681,1,False,active,,
4085,1,0,4085,1,0,1,0,23,1656530157,1,False,active,,
4086,0,0,4086,1,0,1,18,3,1656522815,1,False,active,,
4087,1,0,4087,1,0,1,0,21,1656521849,1,False,active,,
4088,1,0,4088,1,1,1,2,15,1656527455,1,False,active,,
4090,1,0,4090,1,0,1,4,16,1656521178,1,False,active,,
4091,3,0,4091,1,0,1,14,4,1656521023,1,False,active,,
4092,0,0,4092,1,0,1,13,6,1656529611,1,False,active,,
4094,1,0,4094,1,0,1,4,16,1656527403,1,False,active,,
4095,0,0,4095,0,0,0,0,0,86400,0,False,out_of_service,,
4096,1,0,4096,1,1,1,2,27,1656528779,1,False,active,,
4098,0,0,4098,1,1,1,1,19,1656530037,1,False,active,,
4099,0,0,4099,1,1,1,17,4,1656530393,1,False,active,,
4101,0,0,4101,1,1,1,14,5,1656526270,1,False,active,,
4102,1,0,4102,1,1,1,5,16,1656528632,1,False,active,,
4103,0,0,4103,1,0,1,0,18,1656528679,1,False,active,,
4104,0,0,4104,1,0,1,0,20,1656524709,1,False,active,,
4105,0,0,4105,1,1,1,1,20,1656528810,1,False,active,,
4106,0,0,4106,1,0,1,3,16,1656529647,1,False,active,,
4107,1,0,4107,1,1,1,2,21,1656529389,1,False,active,,
4108,1,0,4108,1,0,1,6,12,1656512820,1,False,active,,
4109,0,0,4109,1,0,1,0,21,1656529888,1,False,active,,
4110,2,0,4110,1,0,1,9,19,1656530181,1,False,active,,
4111,2,0,4111,1,0,1,30,14,1656530371,1,False,active,,
4112,1,0,4112,1,0,1,3,14,1656529989,1,False,active,,
4113,1,0,4113,1,4,1,14,7,1656528134,1,False,active,,
4114,2,0,4114,1,2,1,7,15,1656530254,1,False,active,,
4115,1,0,4115,1,3,1,10,14,1656529862,1,False,active,,
4116,0,0,4116,1,1,1,14,5,1656530197,1,False,active,,
4117,1,0,4117,1,0,1,25,1,1656529369,1,False,active,,
4118,4,0,4118,1,0,1,29,8,1656530137,1,False,active,,
4120,1,0,4120,1,0,1,7,35,1656529996,1,False,active,,
4121,5,0,4121,1,0,1,4,42,1656530103,1,False,active,,
4122,5,0,4122,1,3,1,4,44,1656530343,1,False,active,,
4123,1,0,4123,1,0,1,2,36,1656530208,1,False,active,,
4124,4,0,4124,1,1,1,8,35,1656530407,1,False,active,,
4125,3,0,4125,1,6,1,32,0,1656528435,1,False,active,,
4126,1,0,4126,1,6,1,15,2,1656530288,1,False,active,,
4127,0,0,4127,1,0,1,0,18,1656524565,1,False,active,,
4128,0,0,4128,1,0,1,1,23,1656529925,1,False,active,,
4129,0,0,4129,1,0,1,2,17,1656529758,1,False,active,,
4130,3,0,4130,1,0,1,5,14,1656529376,1,False,active,,
4131,1,0,4131,1,0,1,11,7,1656526411,1,False,active,,
4132,0,0,4132,1,1,1,1,18,1656528910,1,False,active,,
4133,1,0,4133,1,0,1,0,19,1656512715,1,False,active,,
4134,2,0,4134,1,0,1,2,20,1656529141,1,False,active,,
4135,2,0,4135,1,1,1,1,20,1656530271,1,False,active,,
4136,0,0,4136,1,1,1,3,18,1656529283,1,False,active,,
4137,0,0,4137,1,0,1,0,27,1656524911,1,False,active,,
4138,1,0,4138,1,0,1,5,13,1656529060,1,False,active,,
4139,1,0,4139,1,1,1,2,16,1656529047,1,False,active,,
4140,1,0,4140,1,0,1,0,23,1656526602,1,False,active,,
4141,0,0,4141,1,0,1,3,16,1656488373,1,False,active,,
4142,0,0,4142,1,0,1,4,15,1656488375,1,False,active,,
4143,0,0,4143,1,0,1,11,10,1656528461,1,False,active,,
4144,0,0,4144,1,0,1,0,21,1656529416,1,False,active,,
4146,0,0,4146,1,0,1,1,29,1656501966,1,False,active,,
4147,1,0,4147,1,0,1,0,17,1656514648,1,False,active,,
4148,0,0,4148,1,0,1,2,13,1656530084,1,False,active,,
4149,0,0,4149,1,0,1,0,20,1656518154,1,False,active,,
4151,0,0,4151,1,0,1,0,21,1656526012,1,False,active,,
4152,1,0,4152,1,1,1,1,19,1656530378,1,False,active,,
4153,0,0,4153,1,0,1,0,27,1656511058,1,False,active,,
4154,0,0,4154,1,0,1,11,8,1656511351,1,False,active,,
4155,0,0,4155,1,1,1,1,18,1656524640,1,False,active,,
4156,3,0,4156,1,0,1,3,13,1656525814,1,False,active,,
4157,0,0,4157,1,0,1,0,19,1656526833,1,False,active,,
4158,0,0,4158,1,0,1,2,17,1656521121,1,False,active,,
4159,0,0,4159,1,1,1,5,14,1656525658,1,False,active,,
4160,0,0,4160,1,1,1,16,3,1656529616,1,False,active,,
4161,1,0,4161,1,1,1,21,13,1656527172,1,False,active,,
4162,1,0,4162,1,0,1,0,18,1656524852,1,False,active,,
4163,0,0,4163,1,0,1,14,4,1656518333,1,False,active,,
4164,1,0,4164,1,2,1,5,14,1656530266,1,False,active,,
4165,0,0,4165,1,0,1,17,2,1656527343,1,False,active,,
4166,0,0,4166,1,1,1,13,14,1656529728,1,False,active,,
4167,0,0,4167,1,0,1,0,19,1656527152,1,False,active,,
4168,0,0,4168,1,0,1,2,17,1656529672,1,False,active,,
4169,0,0,4169,1,0,1,1,20,1656527651,1,False,active,,
4170,0,0,4170,1,0,1,12,7,1656529972,1,False,active,,
4171,2,0,4171,1,1,1,1,18,1656528894,1,False,active,,
4172,0,0,4172,1,1,1,10,9,1656530247,1,False,active,,
4173,0,0,4173,1,0,1,0,21,1656521610,1,False,active,,
4174,0,0,4174,1,1,1,2,19,1656530447,1,False,active,,
4175,0,0,4175,1,0,1,16,4,1656529625,1,False,active,,
4176,1,0,4176,1,0,1,0,23,1656528804,1,False,active,,
4177,0,0,4177,1,0,1,0,20,1656528809,1,False,active,,
4179,0,0,4179,1,1,1,11,11,1656529986,1,False,active,,
4180,0,0,4180,0,0,0,0,0,86400,0,False,out_of_service,,
4181,0,0,4181,1,1,1,1,19,1656530446,1,False,active,,
4182,0,0,4182,1,0,1,3,16,1656521199,1,False,active,,
4183,2,0,4183,1,1,1,6,11,1656528940,1,False,active,,
4184,1,0,4184,1,0,1,4,22,1656530345,1,False,active,,
4185,2,0,4185,1,2,1,2,15,1656529421,1,False,active,,
4186,1,0,4186,1,2,1,4,22,1656530263,1,False,active,,
4188,2,0,4188,1,0,1,0,29,1656530319,1,False,active,,
4189,1,0,4189,1,0,1,2,10,1656528748,1,False,active,,
4190,2,0,4190,1,1,1,1,16,1656530230,1,False,active,,
4191,2,0,4191,1,2,1,2,16,1656529238,1,False,active,,
4192,0,0,4192,1,0,1,2,17,1656527621,1,False,active,,
4193,1,0,4193,1,1,1,4,15,1656530034,1,False,active,,
4194,3,0,4194,1,1,1,9,18,1656529802,1,False,active,,
4195,1,0,4195,1,0,1,21,8,1656528804,1,False,active,,
4198,0,0,4198,1,0,1,2,19,1656522102,1,False,active,,
4199,1,0,4199,1,0,1,7,13,1656517190,1,False,active,,
4200,0,0,4200,1,2,1,7,19,1656529209,1,False,active,,
4201,1,0,4201,1,0,1,17,2,1656530146,1,False,active,,
4202,2,0,4202,1,0,1,1,16,1656512705,1,False,active,,
4203,1,0,4203,1,0,1,1,19,1656530217,1,False,active,,
4204,0,0,4204,1,0,1,0,20,1656514861,1,False,active,,
4205,2,0,4205,1,1,1,3,14,1656526267,1,False,active,,
4206,0,0,4206,1,0,1,15,12,1656524920,1,False,active,,
4207,6,0,4207,1,0,1,0,12,1656530421,1,False,active,,
4208,1,0,4208,1,0,1,1,17,1656530152,1,False,active,,
4209,2,0,4209,1,0,1,0,16,1656530289,1,False,active,,
4210,4,0,4210,1,0,1,0,20,1656528194,1,False,active,,
4211,0,0,4211,1,1,1,2,17,1656514955,1,False,active,,
4212,2,0,4212,1,1,1,5,12,1656524370,1,False,active,,
4213,0,0,4213,1,1,1,4,15,1656497459,1,False,active,,
4214,1,0,4214,1,2,1,35,7,1656530442,1,False,active,,
4215,0,0,4215,1,1,1,22,6,1656530448,1,False,active,,
4216,2,0,4216,1,2,1,52,1,1656530445,1,False,active,,
4218,0,0,4218,1,3,1,55,0,1656526082,1,False,active,,
4219,4,0,4219,1,1,1,8,20,1656530209,1,False,active,,
4220,0,0,4220,1,0,1,2,25,1656529908,1,False,active,,
4222,0,0,4222,1,0,1,4,22,1656529854,1,False,active,,
4224,0,0,4224,1,0,1,10,19,1656528488,1,False,active,,
4225,1,0,4225,1,0,1,32,0,1656527575,1,False,active,,
4227,0,0,4227,1,1,1,2,17,1656527456,1,False,active,,
4228,2,0,4228,1,0,1,0,17,1656528397,1,False,active,,
4229,1,0,4229,1,0,1,0,23,1656527883,1,False,active,,
4230,0,0,4230,1,0,1,2,16,1656525022,1,False,active,,
4232,3,20,4232,1,4,1,14,7,1656530446,1,False,active,"{'valet_revision': 2997, 'region': 'BKN', 'off_dock_count': 32, 'off_dock_capacity': 90, 'station_id': '904930bd-2671-4695-9c1a-8a894b041129', 'dock_blocked_count': 20, 'active': False}",[{'id': '904930bd-2671-4695-9c1a-8a894b041129'}]
4233,6,0,4233,1,0,1,18,15,1656530321,1,False,active,,
4235,5,0,4235,1,0,1,0,48,1656529863,1,False,active,,
4236,1,0,4236,1,2,1,4,52,1656530313,1,False,active,,
4238,0,0,4238,1,0,1,0,79,1656530409,1,False,active,,
4239,1,0,4239,1,10,1,20,16,1656529531,1,False,active,,
4240,3,0,4240,1,7,1,28,0,1656528629,1,False,active,,
4244,1,0,4244,1,5,1,12,24,1656530288,1,False,active,,
4245,0,0,4245,1,2,1,15,9,1656529614,1,False,active,,
4247,1,0,4247,1,0,1,1,19,1656525846,1,False,active,,
4248,1,0,4248,1,1,1,56,5,1656530442,1,False,active,,
4249,0,0,4249,1,0,1,19,5,1656530228,1,False,active,,
4250,0,0,4250,1,2,1,11,8,1656525727,1,False,active,,
4251,0,0,4251,1,0,1,1,20,1656529457,1,False,active,,
4252,1,0,4252,1,0,1,5,14,1656524354,1,False,active,,
4254,1,0,4254,1,1,1,10,14,1656529029,1,False,active,,
4255,0,0,4255,0,0,0,0,0,86400,0,False,out_of_service,,
4256,0,0,4256,1,0,1,0,23,1656525195,1,False,active,,
4257,1,0,4257,1,3,1,18,2,1656525191,1,False,active,,
4258,0,0,4258,1,2,1,8,15,1656529021,1,False,active,,
4259,0,0,4259,1,0,1,4,21,1656529919,1,False,active,,
4260,0,0,4260,1,0,1,0,23,1656527547,1,False,active,,
4261,1,0,4261,1,0,1,5,19,1656530235,1,False,active,,
4262,1,0,4262,1,2,1,7,15,1656529148,1,False,active,,
4263,0,0,4263,1,0,1,1,22,1656529991,1,False,active,,
4264,1,0,4264,1,1,1,15,15,1656530413,1,False,active,,
4265,0,0,4265,1,0,1,0,19,1656527711,1,False,active,,
4266,0,0,4266,1,0,1,0,23,1656524288,1,False,active,,
4267,1,0,4267,1,2,1,6,12,1656528638,1,False,active,,
4268,1,0,4268,1,1,1,24,2,1656530364,1,False,active,,
4269,0,0,4269,1,1,1,13,14,1656529343,1,False,active,,
4270,0,0,4270,1,6,1,26,1,1656529316,1,False,active,,
4271,0,0,4271,1,3,1,19,2,1656530181,1,False,active,,
4272,3,0,4272,1,0,1,1,23,1656529478,1,False,active,,
4273,0,0,4273,0,0,0,0,0,86400,0,False,out_of_service,,
4274,0,0,4274,1,0,1,1,22,1656528881,1,False,active,,
4275,0,0,4275,1,1,1,4,17,1656528844,1,False,active,,
4276,0,0,4276,1,0,1,6,13,1656515025,1,False,active,,
4277,1,0,4277,1,1,1,18,2,1656526053,1,False,active,,
4278,2,0,4278,1,3,1,33,10,1656530191,1,False,active,,
4279,1,0,4279,1,0,1,5,34,1656530413,1,False,active,,
4280,1,0,4280,1,1,1,20,24,1656529989,1,False,active,,
4281,4,0,4281,1,3,1,16,11,1656530042,1,False,active,,
4282,1,0,4282,1,3,1,15,23,1656530372,1,False,active,,
4283,1,0,4283,1,0,1,5,21,1656529460,1,False,active,,
4284,0,0,4284,1,2,1,4,21,1656525285,1,False,active,,
4285,2,0,4285,1,0,1,6,15,1656527465,1,False,active,,
4286,0,0,4286,1,2,1,14,4,1656521272,1,False,active,,
4287,0,0,4287,1,2,1,2,19,1656527385,1,False,active,,
4288,0,0,4288,1,0,1,1,20,1656527741,1,False,active,,
4289,0,0,4289,1,0,1,2,25,1656529918,1,False,active,,
4290,1,0,4290,1,1,1,20,8,1656525377,1,False,active,,
4291,1,0,4291,1,0,1,19,3,1656525909,1,False,active,,
4292,0,0,4292,1,1,1,8,15,1656530310,1,False,active,,
4293,0,0,4293,1,1,1,3,16,1656525686,1,False,active,,
4294,0,0,4294,1,1,1,2,19,1656527250,1,False,active,,
4295,1,0,4295,1,3,1,8,16,1656530341,1,False,active,,
4296,0,0,4296,1,3,1,19,2,1656525260,1,False,active,,
4297,2,0,4297,1,2,1,7,22,1656530365,1,False,active,,
4298,1,0,4298,1,0,1,15,10,1656530118,1,False,active,,
4300,5,0,4300,1,4,1,35,3,1656530420,1,False,active,,
4301,1,0,4301,1,1,1,10,22,1656529921,1,False,active,,
4302,1,0,4302,1,0,1,2,19,1656528368,1,False,active,,
4303,1,0,4303,1,0,1,1,30,1656530115,1,False,active,,
4304,2,0,4304,1,0,1,12,16,1656529437,1,False,active,,
4305,0,0,4305,1,0,1,4,15,1656525668,1,False,active,,
4306,1,0,4306,1,0,1,10,17,1656529230,1,False,active,,
4308,0,0,4308,1,0,1,28,2,1656526592,1,False,active,,
4309,2,0,4309,1,1,1,7,14,1656530033,1,False,active,,
4310,1,0,4310,1,0,1,6,12,1656528705,1,False,active,,
4311,0,0,4311,1,1,1,9,9,1656527884,1,False,active,,
4312,0,0,4312,1,0,1,2,31,1656529945,1,False,active,,
4313,0,0,4313,1,0,1,0,19,1656516353,1,False,active,,
4314,0,0,4314,1,1,1,5,16,1656528652,1,False,active,,
4315,1,0,4315,1,0,1,7,13,1656528370,1,False,active,,
4316,1,0,4316,1,0,1,22,2,1656529611,1,False,active,,
4318,0,0,4318,1,2,1,3,22,1656529222,1,False,active,,
4319,1,0,4319,1,2,1,2,20,1656527856,1,False,active,,
4320,9,14,4320,1,1,1,1,0,1656530221,1,False,active,,
4321,0,0,4321,1,0,1,1,23,1656529377,1,False,active,,
4322,0,0,4322,1,0,1,1,18,1656512767,1,False,active,,
4324,0,0,4324,1,0,1,9,10,1656528260,1,False,active,,
4325,0,0,4325,1,1,1,5,14,1656526093,1,False,active,,
4326,3,0,4326,1,0,1,1,19,1656530306,1,False,active,,
4327,0,0,4327,1,0,1,0,21,1656524158,1,False,active,,
4329,0,0,4329,1,1,1,6,23,1656530398,1,False,active,,
4330,1,0,4330,1,0,1,7,11,1656521237,1,False,active,,
4331,2,0,4331,1,2,1,23,4,1656528496,1,False,active,,
4332,0,0,4332,1,0,1,1,20,1656527401,1,False,active,,
4333,2,0,4333,1,0,1,28,4,1656530008,1,False,active,,
4336,4,0,4336,1,1,1,2,48,1656530154,1,False,active,,
4337,2,0,4337,1,0,1,27,21,1656530434,1,False,active,,
4338,3,0,4338,1,0,1,8,44,1656529779,1,False,active,,
4339,2,0,4339,1,0,1,56,5,1656530411,1,False,active,,
4340,0,0,4340,1,0,1,12,20,1656530041,1,False,active,,
4341,1,0,4341,1,0,1,12,15,1656530441,1,False,active,,
4342,2,0,4342,1,0,1,27,1,1656529359,1,False,active,,
4343,0,0,4343,1,1,1,21,0,1656521323,1,False,active,,
4345,1,0,4345,1,0,1,2,17,1656530452,1,False,active,,
4346,0,0,4346,1,0,1,22,2,1656529972,1,False,active,,
4347,0,0,4347,1,0,1,18,3,1656528620,1,False,active,,
4348,0,0,4348,1,0,1,11,16,1656529328,1,False,active,,
4349,0,0,4349,1,0,1,2,18,1656527188,1,False,active,,
4350,2,0,4350,1,1,1,1,22,1656527093,1,False,active,,
4351,0,0,4351,1,0,1,10,10,1656529197,1,False,active,,
4352,0,0,4352,1,0,1,11,10,1656529241,1,False,active,,
4353,0,0,4353,1,0,1,14,5,1656527481,1,False,active,,
4356,0,0,4356,1,0,1,18,3,1656529577,1,False,active,,
4357,1,0,4357,1,2,1,17,0,1656527347,1,False,active,,
4358,2,0,4358,1,0,1,20,1,1656529841,1,False,active,,
4359,0,0,4359,1,0,1,10,19,1656529725,1,False,active,,
4360,0,0,4360,1,1,1,15,6,1656529496,1,False,active,,
4361,0,0,4361,1,3,1,28,2,1656514757,1,False,active,,
4362,0,0,4362,1,0,1,1,23,1656529291,1,False,active,,
4363,0,0,4363,1,0,1,28,2,1656527016,1,False,active,,
4364,0,0,4364,1,0,1,18,2,1656525352,1,False,active,,
4365,0,0,4365,1,1,1,21,0,1656524082,1,False,active,,
4366,0,0,4366,1,1,1,19,1,1656527910,1,False,active,,
4367,1,0,4367,1,0,1,20,0,1656512705,1,False,active,,
4368,0,0,4368,1,1,1,17,4,1656529882,1,False,active,,
4369,14,9,4369,1,0,1,0,0,1656530361,1,False,active,,
4370,0,0,4370,1,0,1,14,5,1656529988,1,False,active,,
4371,1,0,4371,1,0,1,18,0,1656530134,1,False,active,,
4372,0,0,4372,1,1,1,19,0,1656508117,1,False,active,,
4373,0,0,4373,1,1,1,24,6,1656528807,1,False,active,,
4374,1,0,4374,1,0,1,17,0,1656523620,1,False,active,,
4376,0,0,4376,1,0,1,29,0,1656515395,1,False,active,,
4377,0,0,4377,1,1,1,20,2,1656528555,1,False,active,,
4378,0,0,4378,1,7,1,20,3,1656528068,1,False,active,,
4379,2,0,4379,1,0,1,21,0,1656529869,1,False,active,,
4380,0,0,4380,1,0,1,30,0,1656508212,1,False,active,,
4381,0,0,4381,1,0,1,18,1,1656524430,1,False,active,,
4382,0,0,4382,1,0,1,19,0,1656489589,1,False,active,,
4384,0,0,4384,1,0,1,0,30,1656515662,1,False,active,,
4385,0,0,4385,1,0,1,24,1,1656530280,1,False,active,,
4386,1,0,4386,1,2,1,26,0,1656528432,1,False,active,,
4387,0,0,4387,1,0,1,33,2,1656529558,1,False,active,,
4388,0,0,4388,1,0,1,19,0,1656506548,1,False,active,,
4389,0,0,4389,1,0,1,21,2,1656525840,1,False,active,,
4390,1,0,4390,1,0,1,2,18,1656527564,1,False,active,,
4391,0,0,4391,1,0,1,0,19,1656512135,1,False,active,,
4392,0,0,4392,1,0,1,21,1,1656524483,1,False,active,,
4393,0,0,4393,1,0,1,4,22,1656528062,1,False,active,,
4394,0,0,4394,1,0,1,1,18,1656525152,1,False,active,,
4395,0,0,4395,1,0,1,17,5,1656517285,1,False,active,,
4396,0,0,4396,1,1,1,19,0,1656519554,1,False,active,,
4397,0,0,4397,1,1,1,19,16,1656513477,1,False,active,,
4398,0,0,4398,1,0,1,18,2,1656526146,1,False,active,,
4399,0,0,4399,1,1,1,15,5,1656523436,1,False,active,,
4400,1,0,4400,1,0,1,0,19,1656525228,1,False,active,,
4401,1,0,4401,1,4,1,10,14,1656528714,1,False,active,,
4403,1,0,4403,1,3,1,22,12,1656521456,1,False,active,,
4404,0,0,4404,1,0,1,24,3,1656530017,1,False,active,,
4406,0,0,4406,1,1,1,29,50,1656530441,1,False,active,,
4407,1,0,4407,1,2,1,38,4,1656530417,1,False,active,,
4408,3,0,4408,1,0,1,10,10,1656530398,1,False,active,,
4409,1,0,4409,1,0,1,28,1,1656529897,1,False,active,,
4410,2,0,4410,1,1,1,21,0,1656530347,1,False,active,,
4411,0,0,4411,1,0,1,7,20,1656530126,1,False,active,,
4412,0,0,4412,1,1,1,27,2,1656530019,1,False,active,,
4414,3,0,4414,1,0,1,13,3,1656530333,1,False,active,,
4415,0,0,4415,1,0,1,30,1,1656529134,1,False,active,,
4416,1,0,4416,1,0,1,29,0,1656517950,1,False,active,,
4417,0,0,4417,1,2,1,23,2,1656530067,1,False,active,,
4418,0,0,4418,1,0,1,26,1,1656527958,1,False,active,,
4419,1,0,4419,1,1,1,2,20,1656526509,1,False,active,,
4420,0,0,4420,1,1,1,6,19,1656528395,1,False,active,,
4421,0,0,4421,1,0,1,9,15,1656523974,1,False,active,,
4422,0,0,4422,1,0,1,22,1,1656526794,1,False,active,,
4423,1,0,4423,1,5,1,21,0,1656525256,1,False,active,,
4424,0,0,4424,1,0,1,16,4,1656528320,1,False,active,,
4425,2,0,4425,1,0,1,24,27,1656529889,1,False,active,,
4426,2,0,4426,1,0,1,36,21,1656530412,1,False,active,,
4427,0,0,4427,1,0,1,1,21,1656530086,1,False,active,,
4428,0,0,4428,1,0,1,0,30,1656530015,1,False,active,,
4429,2,0,4429,1,1,1,22,6,1656530371,1,False,active,,
4430,0,0,4430,1,0,1,19,5,1656523955,1,False,active,,
4431,2,0,4431,1,2,1,16,16,1656530404,1,False,active,,
4434,0,0,4434,0,0,0,0,0,86400,0,False,out_of_service,,
4435,0,0,4435,1,0,1,23,0,1656528787,1,False,active,,
4436,1,0,4436,1,0,1,20,8,1656527755,1,False,active,,
4437,0,0,4437,1,0,1,0,19,1656530203,1,False,active,,
4438,1,0,4438,1,0,1,0,25,1656530198,1,False,active,,
4439,0,0,4439,1,0,1,1,16,1656527234,1,False,active,,
4440,0,0,4440,1,0,1,0,19,1656518855,1,False,active,,
4441,0,0,4441,1,0,1,9,14,1656528135,1,False,active,,
4442,1,0,4442,1,2,1,21,12,1656529948,1,False,active,,
4443,2,0,4443,1,1,1,13,6,1656529078,1,False,active,,
4444,0,0,4444,1,2,1,17,3,1656526040,1,False,active,,
4445,0,0,4445,1,1,1,18,2,1656512035,1,False,active,,
4446,0,0,4446,1,0,1,15,5,1656517481,1,False,active,,
4447,0,0,4447,1,1,1,13,15,1656526241,1,False,active,,
4448,0,0,4448,1,0,1,17,2,1656490803,1,False,active,,
4449,0,0,4449,1,0,1,22,3,1656527761,1,False,active,,
4450,0,0,4450,1,2,1,15,4,1656528172,1,False,active,,
4451,0,0,4451,1,1,1,2,19,1656529858,1,False,active,,
4453,1,2,4453,0,0,0,0,0,1651760362,0,False,out_of_service,,
4456,0,0,4456,1,1,1,12,9,1656526235,1,False,active,,
4457,17,2,4457,1,0,1,0,0,1656530158,1,False,active,,
4458,1,0,4458,1,1,1,14,4,1656528257,1,False,active,,
4459,13,8,4459,1,0,1,0,0,1656530285,1,False,active,,
4460,0,0,4460,1,0,1,13,6,1656527858,1,False,active,,
4461,0,0,4461,1,1,1,8,11,1656528402,1,False,active,,
4462,1,0,4462,1,1,1,15,7,1656524414,1,False,active,,
4463,0,0,4463,1,3,1,17,5,1656529959,1,False,active,,
4464,0,0,4464,1,0,1,22,2,1656524664,1,False,active,,
4465,1,0,4465,1,1,1,6,16,1656529992,1,False,active,,
4466,0,0,4466,1,0,1,0,0,86400,1,False,active,,
4467,1,0,4467,1,2,1,9,11,1656530162,1,False,active,,
4468,2,0,4468,1,0,1,14,5,1656525035,1,False,active,,
4471,0,0,4471,1,0,1,0,21,1656476898,1,False,active,,
4472,1,0,4472,1,1,1,1,23,1656529971,1,False,active,,
4473,1,0,4473,1,1,1,16,1,1656528436,1,False,active,,
4474,14,0,4474,1,0,1,17,8,1656530394,1,False,active,,
4475,1,0,4475,1,0,1,2,31,1656530181,1,False,active,,
4476,2,0,4476,1,0,1,19,6,1656530354,1,False,active,,
4477,1,0,4477,1,0,1,24,1,1656526288,1,False,active,,
4478,1,0,4478,1,0,1,9,52,1656530115,1,False,active,,
4480,1,0,4480,1,0,1,24,10,1656529784,1,False,active,,
4481,1,0,4481,1,0,1,36,2,1656530406,1,False,active,,
4482,1,0,4482,1,1,1,30,2,1656530415,1,False,active,,
4483,1,0,4483,1,0,1,10,26,1656530148,1,False,active,,
4484,0,0,4484,1,3,1,7,22,1656524945,1,False,active,,
4485,1,0,4485,1,2,1,16,16,1656530412,1,False,active,,
4486,2,0,4486,1,0,1,2,27,1656529487,1,False,active,,
4487,0,0,4487,1,0,1,0,19,1656520430,1,False,active,,
4488,2,0,4488,1,0,1,20,2,1656528372,1,False,active,,
4489,3,0,4489,1,0,1,18,3,1656530424,1,False,active,,
4490,0,0,4490,1,1,1,1,21,1656529865,1,False,active,,
4492,0,0,4492,1,1,1,13,8,1656526961,1,False,active,,
4493,0,0,4493,1,1,1,3,16,1656528470,1,False,active,,
4494,0,0,4494,1,0,1,16,2,1656525667,1,False,active,,
4495,0,0,4495,1,0,1,0,20,1656526902,1,False,active,,
4496,1,0,4496,1,1,1,28,0,1656526129,1,False,active,,
4497,2,0,4497,1,2,1,10,8,1656529706,1,False,active,,
4498,1,0,4498,1,1,1,5,14,1656528003,1,False,active,,
4500,0,0,4500,1,0,1,2,21,1656527267,1,False,active,,
4501,0,0,4501,1,0,1,0,28,1656530234,1,False,active,,
4502,0,0,4502,1,2,1,13,13,1656528793,1,False,active,,
4503,2,0,4503,1,0,1,10,29,1656530177,1,False,active,,
4504,2,0,4504,1,0,1,17,44,1656529815,1,False,active,,
4505,0,0,4505,1,0,1,2,21,1656518933,1,False,active,,
4506,0,0,4506,1,0,1,1,20,1656520612,1,False,active,,
4508,1,0,4508,1,0,1,6,13,1656526015,1,False,active,,
4509,0,0,4509,1,0,1,3,29,1656525027,1,False,active,,
4510,0,0,4510,1,0,1,0,24,1656523490,1,False,active,,
4511,1,0,4511,1,0,1,0,18,1656526230,1,False,active,,
4512,0,0,4512,1,1,1,1,18,1656526655,1,False,active,,
4513,0,0,4513,1,1,1,10,8,1656528888,1,False,active,,
4514,2,0,4514,1,1,1,29,0,1656530025,1,False,active,,
4515,0,0,4515,1,3,1,6,14,1656528889,1,False,active,,
4516,0,0,4516,1,1,1,4,12,1656527783,1,False,active,,
4517,2,0,4517,1,0,1,25,3,1656530056,1,False,active,,
4518,19,0,4518,1,3,1,5,0,1656530453,1,False,active,,
4519,4,0,4519,1,1,1,35,7,1656530313,1,False,active,,
4520,1,0,4520,1,0,1,4,17,1656528723,1,False,active,,
4521,3,0,4521,1,0,1,9,9,1656530383,1,False,active,,
4522,0,0,4522,1,3,1,9,5,1656529261,1,False,active,,
4523,1,0,4523,1,1,1,5,15,1656530142,1,False,active,,
4524,1,0,4524,1,2,1,10,15,1656530271,1,False,active,,
4525,1,0,4525,1,3,1,16,2,1656529615,1,False,active,,
4526,1,0,4526,1,0,1,5,14,1656530015,1,False,active,,
4528,2,0,4528,1,6,1,12,7,1656529838,1,False,active,,
4530,0,0,4530,1,1,1,13,8,1656529647,1,False,active,,
4531,0,0,4531,1,1,1,14,4,1656529995,1,False,active,,
4532,1,0,4532,1,0,1,5,12,1656528699,1,False,active,,
4533,2,0,4533,1,4,1,12,4,1656530416,1,False,active,,
4534,2,0,4534,1,2,1,16,4,1656530221,1,False,active,,
4535,1,0,4535,1,0,1,3,14,1656529508,1,False,active,,
4536,1,0,4536,1,3,1,23,0,1656530348,1,False,active,,
4537,2,0,4537,1,1,1,25,5,1656530302,1,False,active,,
4539,1,0,4539,1,1,1,7,7,1656529815,1,False,active,,
4541,2,0,4541,1,1,1,3,14,1656529861,1,False,active,,
4542,0,0,4542,1,2,1,3,16,1656525979,1,False,active,,
4543,0,0,4543,1,0,1,0,0,86400,1,False,active,,
4544,1,0,4544,1,1,1,5,27,1656527980,1,False,active,,
4545,1,0,4545,1,3,1,23,6,1656530196,1,False,active,,
4546,1,0,4546,1,0,1,9,8,1656528655,1,False,active,,
4547,1,0,4547,1,0,1,2,20,1656528370,1,False,active,,
4548,0,0,4548,1,0,1,31,0,1656510775,1,False,active,,
4549,0,0,4549,0,0,0,0,0,86400,0,False,out_of_service,,
4550,0,0,4550,1,0,1,23,0,1656528931,1,False,active,,
4551,0,0,4551,1,0,1,0,20,1656518554,1,False,active,,
4553,0,0,4553,1,0,1,0,19,1656526456,1,False,active,,
4554,0,0,4554,1,2,1,7,17,1656525642,1,False,active,,
4555,0,0,4555,1,0,1,0,25,1656520574,1,False,active,,
4556,1,0,4556,1,0,1,0,21,1656530291,1,False,active,,
4557,0,0,4557,1,0,1,3,20,1656528926,1,False,active,,
4559,1,0,4559,1,0,1,3,14,1656530287,1,False,active,,
4560,1,0,4560,1,1,1,2,16,1656528119,1,False,active,,
4561,0,0,4561,1,2,1,10,17,1656526817,1,False,active,,
4562,1,0,4562,1,0,1,0,23,1656519031,1,False,active,,
4563,3,17,4563,1,0,1,0,0,1656530213,1,False,active,,
4564,1,0,4564,1,2,1,3,17,1656530187,1,False,active,,
4565,0,0,4565,1,0,1,0,24,1656517500,1,False,active,,
4566,0,0,4566,1,0,1,0,18,1656524254,1,False,active,,
4567,0,0,4567,1,1,1,10,10,1656529454,1,False,active,,
4568,0,0,4568,1,1,1,32,0,1656504270,1,False,active,,
4569,0,0,4569,1,0,1,0,19,1656521301,1,False,active,,
4570,0,0,4570,1,0,1,0,19,1656526074,1,False,active,,
4571,2,0,4571,1,9,1,15,4,1656526811,1,False,active,,
4572,0,0,4572,1,0,1,0,23,1656525147,1,False,active,,
4573,0,0,4573,1,0,1,5,17,1656526137,1,False,active,,
4574,0,0,4574,1,1,1,11,12,1656527305,1,False,active,,
4575,0,0,4575,1,2,1,13,5,1656527200,1,False,active,,
4576,0,0,4576,1,1,1,2,15,1656525103,1,False,active,,
4577,1,0,4577,1,1,1,1,23,1656519889,1,False,active,,
4578,1,0,4578,1,0,1,0,20,1656510725,1,False,active,,
4579,0,0,4579,1,0,1,0,26,1656525369,1,False,active,,
4580,0,0,4580,1,2,1,6,13,1656527997,1,False,active,,
4581,1,0,4581,1,1,1,1,19,1656526473,1,False,active,,
4582,2,0,4582,1,2,1,3,18,1656528667,1,False,active,,
4583,1,0,4583,1,1,1,9,27,1656523056,1,False,active,,
4584,1,0,4584,1,0,1,1,20,1656523733,1,False,active,,
4585,0,0,4585,1,0,1,5,15,1656529491,1,False,active,,
4587,0,0,4587,1,7,1,7,11,1656529454,1,False,active,,
4590,0,0,4590,1,1,1,47,0,1656529888,1,False,active,,
4591,28,0,4591,1,1,1,1,0,1656530347,1,False,active,,
4592,2,0,4592,1,0,1,44,2,1656530159,1,False,active,,
4593,0,0,4593,1,1,1,45,1,1656530323,1,False,active,,
4594,0,0,4594,1,0,1,46,1,1656530084,1,False,active,,
4595,0,0,4595,1,0,1,17,7,1656526952,1,False,active,,
4596,3,0,4596,1,0,1,43,1,1656530439,1,False,active,,
4598,0,0,4598,1,0,1,50,3,1656530277,1,False,active,,
4599,3,0,4599,1,1,1,1,16,1656527822,1,False,active,,
4600,0,0,4600,1,1,1,5,15,1656526281,1,False,active,,
4601,0,0,4601,1,1,1,8,13,1656529843,1,False,active,,
4602,0,0,4602,1,0,1,57,2,1656530455,1,False,active,,
4603,0,0,4603,1,0,1,5,15,1656527149,1,False,active,,
4604,0,0,4604,1,0,1,4,15,1656518491,1,False,active,,
4605,4,0,4605,1,3,1,28,1,1656530260,1,False,active,,
4606,0,0,4606,0,0,0,0,0,86400,0,False,out_of_service,,
4607,2,0,4607,1,0,1,0,30,1656520669,1,False,active,,
4608,0,0,4608,1,1,1,1,18,1656525342,1,False,active,,
4609,0,0,4609,1,0,1,3,16,1656492015,1,False,active,,
4610,0,0,4610,1,0,1,0,19,1656522244,1,False,active,,
4611,0,0,4611,1,1,1,4,14,1656506602,1,False,active,,
4612,6,0,4612,1,1,1,1,11,1656530343,1,False,active,,
4613,0,0,4613,1,0,1,0,23,1656529236,1,False,active,,
4614,0,0,4614,1,1,1,2,19,1656514665,1,False,active,,
4617,2,0,4617,1,1,1,2,23,1656530394,1,False,active,,
4618,0,0,4618,0,0,0,0,0,86400,0,False,out_of_service,,
4619,0,0,4619,1,14,1,15,4,1656515759,1,False,active,,
4620,0,0,4620,1,0,1,31,13,1656530375,1,False,active,,
4622,0,0,4622,1,0,1,2,22,1656528500,1,False,active,,
4623,0,0,4623,1,0,1,1,20,1656510980,1,False,active,,
4624,2,0,4624,1,0,1,4,20,1656528790,1,False,active,,
4625,2,0,4625,1,0,1,51,1,1656528720,1,False,active,,
4626,0,0,4626,1,0,1,0,20,1656530046,1,False,active,,
4627,0,0,4627,1,0,1,5,15,1656523000,1,False,active,,
4628,0,0,4628,1,0,1,1,19,1656528185,1,False,active,,
4629,1,0,4629,1,0,1,2,19,1656519875,1,False,active,,
4630,6,0,4630,1,7,1,8,3,1656530068,1,False,active,,
4631,0,0,4631,1,0,1,10,9,1656529412,1,False,active,,
4632,3,0,4632,1,1,1,42,0,1656530150,1,False,active,,
4633,1,0,4633,1,1,1,7,10,1656522365,1,False,active,,
4634,0,0,4634,1,0,1,1,19,1656515165,1,False,active,,
4635,1,0,4635,1,3,1,8,18,1656529141,1,False,active,,
4636,0,0,4636,1,0,1,0,19,1656529531,1,False,active,,
4637,0,0,4637,1,0,1,16,7,1656527136,1,False,active,,
4638,0,0,4638,1,2,1,2,21,1656529289,1,False,active,,
4639,1,0,4639,1,0,1,2,23,1656526488,1,False,active,,
4640,3,0,4640,1,1,1,50,0,1656529610,1,False,active,,
4641,3,0,4641,1,1,1,9,34,1656530378,1,False,active,,
4642,3,0,4642,1,2,1,46,21,1656530393,1,False,active,,
4643,1,0,4643,1,1,1,12,39,1656530293,1,False,active,,
4644,0,0,4644,1,1,1,2,21,1656529258,1,False,active,,
4645,5,0,4645,1,0,1,16,16,1656530432,1,False,active,,
4647,1,0,4647,1,3,1,6,41,1656529982,1,False,active,,
4648,4,17,4648,1,1,1,18,9,1656530215,1,False,active,"{'valet_revision': 6058, 'region': 'BKN', 'off_dock_count': 49, 'off_dock_capacity': 116, 'station_id': '06439006-11b6-44f0-8545-c9d39035f32a', 'dock_blocked_count': 17, 'active': False}",[{'id': '06439006-11b6-44f0-8545-c9d39035f32a'}]
4649,1,0,4649,1,6,1,16,11,1656528975,1,False,active,,
4651,3,0,4651,1,3,1,3,51,1656530405,1,False,active,,
4652,0,0,4652,1,1,1,4,14,1656527665,1,False,active,,
4653,0,0,4653,1,1,1,11,4,1656525127,1,False,active,,
4654,1,0,4654,1,4,1,14,7,1656529721,1,False,active,,
4655,2,0,4655,1,1,1,8,4,1656529764,1,False,active,,
4656,1,0,4656,1,1,1,12,1,1656530012,1,False,active,,
4657,1,0,4657,1,0,1,5,24,1656528040,1,False,active,,
4658,1,0,4658,1,1,1,38,2,1656530430,1,False,active,,
4660,4,0,4660,1,0,1,28,5,1656530370,1,False,active,,
4661,0,0,4661,1,0,1,4,17,1656507378,1,False,active,,
4662,0,0,4662,1,0,1,9,12,1656529246,1,False,active,,
4663,0,0,4663,1,0,1,26,2,1656529105,1,False,active,,
4664,0,0,4664,1,0,1,20,3,1656524225,1,False,active,,
4665,2,0,4665,1,1,1,31,2,1656530149,1,False,active,,
4666,2,0,4666,1,0,1,21,0,1656528474,1,False,active,,
4670,0,0,4670,1,1,1,18,1,1656525876,1,False,active,,
4671,1,0,4671,1,4,1,19,0,1656528371,1,False,active,,
4672,1,0,4672,1,4,1,12,10,1656529947,1,False,active,,
4673,1,0,4673,1,0,1,8,9,1656522925,1,False,active,,
4674,0,0,4674,1,0,1,20,1,1656528602,1,False,active,,
4675,3,0,4675,1,7,1,43,41,1656530427,1,False,active,,
4676,1,0,4676,1,4,1,32,28,1656530181,1,False,active,,
4677,0,0,4677,0,0,0,0,0,86400,0,False,out_of_service,,
4678,0,0,4678,0,0,0,0,0,86400,0,False,out_of_service,,
4682,2,0,4682,1,0,1,25,12,1656530287,1,False,active,,
4683,1,0,4683,1,0,1,5,46,1656530427,1,False,active,,
4684,0,0,4684,1,0,1,24,5,1656528841,1,False,active,,
4685,4,0,4685,1,1,1,18,5,1656530128,1,False,active,,
4687,2,0,4687,1,4,1,34,3,1656529652,1,False,active,,
4688,0,0,4688,0,0,0,0,0,86400,0,False,out_of_service,,
4689,1,0,4689,1,3,1,45,1,1656530237,1,False,active,,
4690,38,1,4690,1,2,1,2,0,1656530246,1,False,active,,
4691,0,0,4691,1,0,1,30,13,1656530188,1,False,active,,
4693,0,0,4693,1,4,1,33,26,1656530305,1,False,active,,
4694,0,0,4694,1,1,1,29,6,1656530344,1,False,active,,
4695,3,0,4695,1,0,1,20,8,1656530357,1,False,active,,
4696,0,0,4696,1,0,1,1,33,1656530372,1,False,active,,
4697,0,0,4697,1,0,1,21,26,1656530412,1,False,active,,
4698,2,0,4698,1,3,1,3,19,1656530138,1,False,active,,
4699,2,0,4699,1,0,1,2,43,1656530199,1,False,active,,
4700,1,0,4700,1,0,1,7,30,1656530431,1,False,active,,
4701,2,0,4701,1,1,1,7,38,1656530324,1,False,active,,
4702,3,0,4702,1,0,1,1,37,1656530406,1,False,active,,
4703,2,0,4703,1,0,1,0,32,1656530081,1,False,active,,
4704,38,10,4704,1,0,1,0,0,1656530338,1,False,active,,
4705,2,0,4705,1,1,1,8,31,1656530432,1,False,active,,
4706,0,0,4706,1,2,1,33,7,1656529822,1,False,active,,
4708,3,0,4708,1,3,1,31,3,1656530355,1,False,active,,
4709,3,0,4709,1,6,1,37,5,1656530450,1,False,active,,
4710,2,0,4710,1,0,1,48,3,1656530399,1,False,active,,
4711,0,1,4711,1,3,1,15,29,1656530343,1,False,active,,
4712,4,0,4712,1,0,1,7,36,1656530338,1,False,active,,
4713,2,0,4713,1,1,1,15,48,1656530346,1,False,active,,
4714,1,0,4714,1,2,1,32,2,1656530358,1,False,active,,
4715,1,0,4715,1,0,1,11,26,1656530112,1,False,active,,
4720,4,0,4720,1,0,1,14,31,1656530412,1,False,active,,
4721,3,0,4721,1,1,1,5,31,1656530333,1,False,active,,
4723,1,0,4723,1,0,1,27,19,1656528642,1,False,active,,
4724,0,0,4724,1,1,1,6,45,1656530432,1,False,active,,
4725,3,0,4725,1,1,1,4,42,1656530308,1,False,active,,
4726,0,0,4726,1,17,1,26,12,1656530405,1,False,active,,
4727,1,0,4727,1,1,1,10,34,1656530168,1,False,active,,
4732,0,0,4732,1,1,1,7,15,1656524210,1,False,active,,
4733,0,0,4733,1,3,1,44,2,1656530406,1,False,active,,
4734,2,0,4734,1,2,1,42,7,1656530271,1,False,active,,
4735,6,0,4735,1,2,1,39,0,1656530135,1,False,active,,
4736,0,0,4736,1,3,1,16,22,1656530449,1,False,active,,
4737,0,0,4737,1,0,1,36,11,1656530133,1,False,active,,
4738,2,0,4738,1,1,1,3,19,1656530227,1,False,active,,
4739,0,0,4739,1,0,1,5,16,1656526366,1,False,active,,
4742,0,0,4742,1,0,1,27,17,1656530264,1,False,active,,
4743,0,0,4743,1,0,1,0,21,1656520626,1,False,active,,
4745,0,0,4745,1,0,1,7,16,1656530400,1,False,active,,
4746,1,0,4746,1,0,1,5,18,1656530351,1,False,active,,
4747,0,0,4747,1,2,1,8,11,1656530454,1,False,active,,
4748,0,0,4748,1,2,1,29,2,1656529747,1,False,active,,
4749,2,0,4749,1,0,1,40,2,1656530452,1,False,active,,
4750,0,0,4750,1,2,1,13,7,1656530061,1,False,active,,
4751,0,0,4751,1,1,1,6,14,1656528104,1,False,active,,
4752,1,0,4752,1,1,1,21,2,1656530353,1,False,active,,
4754,0,0,4754,1,0,1,35,6,1656530154,1,False,active,,
4755,4,0,4755,1,0,1,0,15,1656528675,1,False,active,,
4756,1,0,4756,1,1,1,1,19,1656528235,1,False,active,,
4757,0,0,4757,1,2,1,4,17,1656520489,1,False,active,,
4758,0,0,4758,1,0,1,11,8,1656530161,1,False,active,,
4759,0,0,4759,1,0,1,2,17,1656523524,1,False,active,,
4760,1,0,4760,1,1,1,7,16,1656528079,1,False,active,,
4762,0,0,4762,1,1,1,13,6,1656529744,1,False,active,,
4763,0,0,4763,0,0,0,0,0,86400,0,False,out_of_service,,
4764,3,0,4764,1,0,1,0,16,1656530408,1,False,active,,
4765,0,0,4765,0,0,0,0,0,86400,0,False,out_of_service,,
4766,0,0,4766,0,0,0,0,0,86400,0,False,out_of_service,,
4767,0,0,4767,0,0,0,0,0,86400,0,False,out_of_service,,
4768,0,0,4768,0,0,0,0,0,86400,0,False,out_of_service,,
4769,0,0,4769,0,0,0,0,0,86400,0,False,out_of_service,,
4770,0,0,4770,0,0,0,0,0,86400,0,False,out_of_service,,
4771,0,0,4771,0,0,0,0,0,86400,0,False,out_of_service,,
4772,0,0,4772,0,0,0,0,0,86400,0,False,out_of_service,,
4773,0,0,4773,0,0,0,0,0,86400,0,False,out_of_service,,
4774,0,0,4774,0,0,0,0,0,86400,0,False,out_of_service,,
4775,0,0,4775,0,0,0,0,0,86400,0,False,out_of_service,,
4776,0,0,4776,0,0,0,0,0,86400,0,False,out_of_service,,
4777,0,0,4777,0,0,0,0,0,86400,0,False,out_of_service,,
4778,0,0,4778,0,0,0,0,0,86400,0,False,out_of_service,,
4779,0,0,4779,0,0,0,0,0,86400,0,False,out_of_service,,
4780,0,0,4780,0,0,0,0,0,86400,0,False,out_of_service,,
4781,0,0,4781,0,0,0,0,0,86400,0,False,out_of_service,,
4782,0,0,4782,0,0,0,0,0,86400,0,False,out_of_service,,
4783,0,0,4783,0,0,0,0,0,86400,0,False,out_of_service,,
4784,0,0,4784,0,0,0,0,0,86400,0,False,out_of_service,,
4785,0,0,4785,0,0,0,0,0,86400,0,False,out_of_service,,
4789,0,0,4789,0,0,0,0,0,86400,0,False,out_of_service,,
4790,0,0,4790,0,0,0,0,0,86400,0,False,out_of_service,,
4792,0,0,4792,0,0,0,0,0,86400,0,False,out_of_service,,
4793,0,0,4793,0,0,0,0,0,86400,0,False,out_of_service,,
4794,0,0,4794,0,0,0,0,0,86400,0,False,out_of_service,,
4795,0,0,4795,0,0,0,0,0,86400,0,False,out_of_service,,
4797,0,0,4797,0,0,0,0,0,86400,0,False,out_of_service,,
4798,0,0,4798,0,0,0,0,0,86400,0,False,out_of_service,,
4799,0,0,4799,0,0,0,0,0,86400,0,False,out_of_service,,
4800,0,0,4800,0,0,0,0,0,86400,0,False,out_of_service,,
4801,0,0,4801,0,0,0,0,0,86400,0,False,out_of_service,,
4802,0,0,4802,0,0,0,0,0,86400,0,False,out_of_service,,
4803,0,0,4803,0,0,0,0,0,86400,0,False,out_of_service,,
4804,0,0,4804,0,0,0,0,0,86400,0,False,out_of_service,,
4805,0,0,4805,0,0,0,0,0,86400,0,False,out_of_service,,
4808,0,0,4808,0,0,0,0,0,86400,0,False,out_of_service,,
4810,0,0,4810,0,0,0,0,0,86400,0,False,out_of_service,,
4811,0,0,4811,0,0,0,0,0,86400,0,False,out_of_service,,
4812,0,0,4812,0,0,0,0,0,86400,0,False,out_of_service,,
4815,0,0,4815,0,0,0,0,0,86400,0,False,out_of_service,,
4816,0,0,4816,0,0,0,0,0,86400,0,False,out_of_service,,
4817,0,0,4817,0,0,0,0,0,86400,0,False,out_of_service,,
4818,0,0,4818,0,0,0,0,0,86400,0,False,out_of_service,,
4819,0,0,4819,0,0,0,0,0,86400,0,False,out_of_service,,
4820,0,0,4820,0,0,0,0,0,86400,0,False,out_of_service,,
4821,0,0,4821,0,0,0,0,0,86400,0,False,out_of_service,,
4823,0,0,4823,0,0,0,0,0,86400,0,False,out_of_service,,
4824,0,0,4824,0,0,0,0,0,86400,0,False,out_of_service,,
4826,0,0,4826,0,0,0,0,0,86400,0,False,out_of_service,,
4827,0,0,4827,0,0,0,0,0,86400,0,False,out_of_service,,
4830,6,0,4830,1,0,1,5,36,1656530339,1,False,active,,
4834,3,0,4834,1,0,1,13,17,1656526460,1,False,active,,
